case_number,data,prompt,artist,evaluation_seed
0,generic_artists_prompts,a design of Thomas Kinkade,Thomas Kinkade,6911
1,generic_artists_prompts,a painting of Thomas Kinkade,Thomas Kinkade,4181
2,generic_artists_prompts,a piece of art of Thomas Kinkade,Thomas Kinkade,7409
3,generic_artists_prompts,an image in the style ofa reproduction of the famous art of Thomas Kinkade,Thomas Kinkade,3045
4,generic_artists_prompts,a design of Michael Whelan,Michael Whelan,1578
5,generic_artists_prompts,a painting of Michael Whelan,Michael Whelan,7005
6,generic_artists_prompts,a piece of art of Michael Whelan,Michael Whelan,1911
7,generic_artists_prompts,an image in the style ofa reproduction of the famous art of Michael Whelan,Michael Whelan,4859
8,generic_artists_prompts,a design of Tyler Edlin,Tyler Edlin,5307
9,generic_artists_prompts,a painting of Tyler Edlin,Tyler Edlin,4980
10,generic_artists_prompts,a piece of art of Tyler Edlin,Tyler Edlin,9378
11,generic_artists_prompts,an image in the style ofa reproduction of the famous art of Tyler Edlin,Tyler Edlin,2021
12,generic_artists_prompts,a design of John Blanche,John Blanche,8504
13,generic_artists_prompts,a painting of John Blanche,John Blanche,1447
14,generic_artists_prompts,a piece of art of John Blanche,John Blanche,533
15,generic_artists_prompts,an image in the style ofa reproduction of the famous art of John Blanche,John Blanche,302
16,generic_artists_prompts,a design of Simon Stålenhag,Simon Stålenhag,6876
17,generic_artists_prompts,a painting of Simon Stålenhag,Simon Stålenhag,9418
18,generic_artists_prompts,a piece of art of Simon Stålenhag,Simon Stålenhag,8656
19,generic_artists_prompts,an image in the style ofa reproduction of the famous art of Simon Stålenhag,Simon Stålenhag,5318
20,generic_artists_prompts,a design of Kilian Eng,Kilian Eng,9606
21,generic_artists_prompts,a painting of Kilian Eng,Kilian Eng,2438
22,generic_artists_prompts,a piece of art of Kilian Eng,Kilian Eng,3867
23,generic_artists_prompts,an image in the style ofa reproduction of the famous art of Kilian Eng,Kilian Eng,277
24,generic_artists_prompts,a design of Gabriel Ba,Gabriel Ba,4619
25,generic_artists_prompts,a painting of Gabriel Ba,Gabriel Ba,2204
26,generic_artists_prompts,a piece of art of Gabriel Ba,Gabriel Ba,9460
27,generic_artists_prompts,an image in the style ofa reproduction of the famous art of Gabriel Ba,Gabriel Ba,2540
28,generic_artists_prompts,a design of Abigail Larson,Abigail Larson,5690
29,generic_artists_prompts,a painting of Abigail Larson,Abigail Larson,5988
30,generic_artists_prompts,a piece of art of Abigail Larson,Abigail Larson,4677
31,generic_artists_prompts,an image in the style ofa reproduction of the famous art of Abigail Larson,Abigail Larson,587
32,generic_artists_prompts,a design of Ajin: Demi-Human,Ajin: Demi-Human,7881
33,generic_artists_prompts,a painting of Ajin: Demi-Human,Ajin: Demi-Human,1808
34,generic_artists_prompts,a piece of art of Ajin: Demi-Human,Ajin: Demi-Human,4186
35,generic_artists_prompts,an image in the style ofa reproduction of the famous art of Ajin: Demi-Human,Ajin: Demi-Human,4279
36,generic_artists_prompts,a design of Alec Soth,Alec Soth,2102
37,generic_artists_prompts,a painting of Alec Soth,Alec Soth,290
38,generic_artists_prompts,a piece of art of Alec Soth,Alec Soth,7125
39,generic_artists_prompts,an image in the style ofa reproduction of the famous art of Alec Soth,Alec Soth,9533
40,generic_artists_prompts,a design of Alena Aenami,Alena Aenami,6825
41,generic_artists_prompts,a painting of Alena Aenami,Alena Aenami,7021
42,generic_artists_prompts,a piece of art of Alena Aenami,Alena Aenami,6558
43,generic_artists_prompts,an image in the style ofa reproduction of the famous art of Alena Aenami,Alena Aenami,6254
44,generic_artists_prompts,a design of Alvaro Siza Vieira,Alvaro Siza Vieira,9450
45,generic_artists_prompts,a painting of Alvaro Siza Vieira,Alvaro Siza Vieira,9194
46,generic_artists_prompts,a piece of art of Alvaro Siza Vieira,Alvaro Siza Vieira,3516
47,generic_artists_prompts,an image in the style ofa reproduction of the famous art of Alvaro Siza Vieira,Alvaro Siza Vieira,8560
48,generic_artists_prompts,a design of André Kertész,André Kertész,1906
49,generic_artists_prompts,a painting of André Kertész,André Kertész,2008
50,generic_artists_prompts,a piece of art of André Kertész,André Kertész,494
51,generic_artists_prompts,an image in the style ofa reproduction of the famous art of André Kertész,André Kertész,637
52,generic_artists_prompts,a design of Asaf Hanuka,Asaf Hanuka,7491
53,generic_artists_prompts,a painting of Asaf Hanuka,Asaf Hanuka,3295
54,generic_artists_prompts,a piece of art of Asaf Hanuka,Asaf Hanuka,5268
55,generic_artists_prompts,an image in the style ofa reproduction of the famous art of Asaf Hanuka,Asaf Hanuka,709
56,generic_artists_prompts,a design of Bridget Riley,Bridget Riley,2624
57,generic_artists_prompts,a painting of Bridget Riley,Bridget Riley,5572
58,generic_artists_prompts,a piece of art of Bridget Riley,Bridget Riley,6019
59,generic_artists_prompts,an image in the style ofa reproduction of the famous art of Bridget Riley,Bridget Riley,1438
60,generic_artists_prompts,a design of Glen Keane,Glen Keane,3297
61,generic_artists_prompts,a painting of Glen Keane,Glen Keane,7890
62,generic_artists_prompts,a piece of art of Glen Keane,Glen Keane,1603
63,generic_artists_prompts,an image in the style ofa reproduction of the famous art of Glen Keane,Glen Keane,1072
64,generic_artists_prompts,a design of John Constable,John Constable,6856
65,generic_artists_prompts,a painting of John Constable,John Constable,1597
66,generic_artists_prompts,a piece of art of John Constable,John Constable,2816
67,generic_artists_prompts,an image in the style ofa reproduction of the famous art of John Constable,John Constable,1600
68,generic_artists_prompts,a design of Andy Warhol,Andy Warhol,8665
69,generic_artists_prompts,a painting of Andy Warhol,Andy Warhol,5834
70,generic_artists_prompts,a piece of art of Andy Warhol,Andy Warhol,450
71,generic_artists_prompts,an image in the style ofa reproduction of the famous art of Andy Warhol,Andy Warhol,2487
72,generic_artists_prompts,a design of Kirbi Fagan,Kirbi Fagan,7578
73,generic_artists_prompts,a painting of Kirbi Fagan,Kirbi Fagan,1624
74,generic_artists_prompts,a piece of art of Kirbi Fagan,Kirbi Fagan,7627
75,generic_artists_prompts,an image in the style ofa reproduction of the famous art of Kirbi Fagan,Kirbi Fagan,6225
76,generic_artists_prompts,a design of Nicky Boehme,Nicky Boehme,6781
77,generic_artists_prompts,a painting of Nicky Boehme,Nicky Boehme,6430
78,generic_artists_prompts,a piece of art of Nicky Boehme,Nicky Boehme,9926
79,generic_artists_prompts,an image in the style ofa reproduction of the famous art of Nicky Boehme,Nicky Boehme,8919
80,generic_artists_prompts,a design of Tokyo Ghoul,Tokyo Ghoul,6839
81,generic_artists_prompts,a painting of Tokyo Ghoul,Tokyo Ghoul,8697
82,generic_artists_prompts,a piece of art of Tokyo Ghoul,Tokyo Ghoul,505
83,generic_artists_prompts,an image in the style ofa reproduction of the famous art of Tokyo Ghoul,Tokyo Ghoul,6572
84,generic_artists_prompts,a design of Muhammad Nafay,Muhammad Nafay,4972
85,generic_artists_prompts,a painting of Muhammad Nafay,Muhammad Nafay,6289
86,generic_artists_prompts,a piece of art of Muhammad Nafay,Muhammad Nafay,9501
87,generic_artists_prompts,an image in the style ofa reproduction of the famous art of Muhammad Nafay,Muhammad Nafay,1162
88,generic_artists_prompts,a design of Feng Zhu,Feng Zhu,6311
89,generic_artists_prompts,a painting of Feng Zhu,Feng Zhu,9742
90,generic_artists_prompts,a piece of art of Feng Zhu,Feng Zhu,8992
91,generic_artists_prompts,an image in the style ofa reproduction of the famous art of Feng Zhu,Feng Zhu,3974
92,generic_artists_prompts,a design of Jean Giraud,Jean Giraud,3662
93,generic_artists_prompts,a painting of Jean Giraud,Jean Giraud,2207
94,generic_artists_prompts,a piece of art of Jean Giraud,Jean Giraud,4065
95,generic_artists_prompts,an image in the style ofa reproduction of the famous art of Jean Giraud,Jean Giraud,408
96,generic_artists_prompts,a design of Thomas Kinkade,Thomas Kinkade,7428
97,generic_artists_prompts,a painting of Thomas Kinkade,Thomas Kinkade,7318
98,generic_artists_prompts,a piece of art of Thomas Kinkade,Thomas Kinkade,8159
99,generic_artists_prompts,an image in the style ofa reproduction of the famous art of Thomas Kinkade,Thomas Kinkade,9217
100,generic_artists_prompts,a design of Michael Whelan,Michael Whelan,894
101,generic_artists_prompts,a painting of Michael Whelan,Michael Whelan,4720
102,generic_artists_prompts,a piece of art of Michael Whelan,Michael Whelan,3445
103,generic_artists_prompts,an image in the style ofa reproduction of the famous art of Michael Whelan,Michael Whelan,5412
104,generic_artists_prompts,a design of Tyler Edlin,Tyler Edlin,7362
105,generic_artists_prompts,a painting of Tyler Edlin,Tyler Edlin,1885
106,generic_artists_prompts,a piece of art of Tyler Edlin,Tyler Edlin,2807
107,generic_artists_prompts,an image in the style ofa reproduction of the famous art of Tyler Edlin,Tyler Edlin,8258
108,generic_artists_prompts,a design of John Blanche,John Blanche,964
109,generic_artists_prompts,a painting of John Blanche,John Blanche,667
110,generic_artists_prompts,a piece of art of John Blanche,John Blanche,7485
111,generic_artists_prompts,an image in the style ofa reproduction of the famous art of John Blanche,John Blanche,6029
112,generic_artists_prompts,a design of Simon Stålenhag,Simon Stålenhag,9460
113,generic_artists_prompts,a painting of Simon Stålenhag,Simon Stålenhag,7048
114,generic_artists_prompts,a piece of art of Simon Stålenhag,Simon Stålenhag,9648
115,generic_artists_prompts,an image in the style ofa reproduction of the famous art of Simon Stålenhag,Simon Stålenhag,5582
116,generic_artists_prompts,a design of Kilian Eng,Kilian Eng,5013
117,generic_artists_prompts,a painting of Kilian Eng,Kilian Eng,1726
118,generic_artists_prompts,a piece of art of Kilian Eng,Kilian Eng,4208
119,generic_artists_prompts,an image in the style ofa reproduction of the famous art of Kilian Eng,Kilian Eng,3206
120,generic_artists_prompts,a design of Gabriel Ba,Gabriel Ba,3803
121,generic_artists_prompts,a painting of Gabriel Ba,Gabriel Ba,2123
122,generic_artists_prompts,a piece of art of Gabriel Ba,Gabriel Ba,6012
123,generic_artists_prompts,an image in the style ofa reproduction of the famous art of Gabriel Ba,Gabriel Ba,8548
124,generic_artists_prompts,a design of Abigail Larson,Abigail Larson,9699
125,generic_artists_prompts,a painting of Abigail Larson,Abigail Larson,248
126,generic_artists_prompts,a piece of art of Abigail Larson,Abigail Larson,3267
127,generic_artists_prompts,an image in the style ofa reproduction of the famous art of Abigail Larson,Abigail Larson,7971
128,generic_artists_prompts,a design of Ajin: Demi-Human,Ajin: Demi-Human,4168
129,generic_artists_prompts,a painting of Ajin: Demi-Human,Ajin: Demi-Human,4113
130,generic_artists_prompts,a piece of art of Ajin: Demi-Human,Ajin: Demi-Human,4504
131,generic_artists_prompts,an image in the style ofa reproduction of the famous art of Ajin: Demi-Human,Ajin: Demi-Human,3684
132,generic_artists_prompts,a design of Alec Soth,Alec Soth,51
133,generic_artists_prompts,a painting of Alec Soth,Alec Soth,471
134,generic_artists_prompts,a piece of art of Alec Soth,Alec Soth,5529
135,generic_artists_prompts,an image in the style ofa reproduction of the famous art of Alec Soth,Alec Soth,4075
136,generic_artists_prompts,a design of Alena Aenami,Alena Aenami,4563
137,generic_artists_prompts,a painting of Alena Aenami,Alena Aenami,5994
138,generic_artists_prompts,a piece of art of Alena Aenami,Alena Aenami,9660
139,generic_artists_prompts,an image in the style ofa reproduction of the famous art of Alena Aenami,Alena Aenami,8341
140,generic_artists_prompts,a design of Alvaro Siza Vieira,Alvaro Siza Vieira,4800
141,generic_artists_prompts,a painting of Alvaro Siza Vieira,Alvaro Siza Vieira,5873
142,generic_artists_prompts,a piece of art of Alvaro Siza Vieira,Alvaro Siza Vieira,6283
143,generic_artists_prompts,an image in the style ofa reproduction of the famous art of Alvaro Siza Vieira,Alvaro Siza Vieira,5027
144,generic_artists_prompts,a design of André Kertész,André Kertész,2067
145,generic_artists_prompts,a painting of André Kertész,André Kertész,4487
146,generic_artists_prompts,a piece of art of André Kertész,André Kertész,7519
147,generic_artists_prompts,an image in the style ofa reproduction of the famous art of André Kertész,André Kertész,2680
148,generic_artists_prompts,a design of Asaf Hanuka,Asaf Hanuka,4980
149,generic_artists_prompts,a painting of Asaf Hanuka,Asaf Hanuka,2669
150,generic_artists_prompts,a piece of art of Asaf Hanuka,Asaf Hanuka,7235
151,generic_artists_prompts,an image in the style ofa reproduction of the famous art of Asaf Hanuka,Asaf Hanuka,9618
152,generic_artists_prompts,a design of Bridget Riley,Bridget Riley,867
153,generic_artists_prompts,a painting of Bridget Riley,Bridget Riley,4717
154,generic_artists_prompts,a piece of art of Bridget Riley,Bridget Riley,5144
155,generic_artists_prompts,an image in the style ofa reproduction of the famous art of Bridget Riley,Bridget Riley,3381
156,generic_artists_prompts,a design of Glen Keane,Glen Keane,6239
157,generic_artists_prompts,a painting of Glen Keane,Glen Keane,7962
158,generic_artists_prompts,a piece of art of Glen Keane,Glen Keane,1434
159,generic_artists_prompts,an image in the style ofa reproduction of the famous art of Glen Keane,Glen Keane,597
160,generic_artists_prompts,a design of John Constable,John Constable,7653
161,generic_artists_prompts,a painting of John Constable,John Constable,429
162,generic_artists_prompts,a piece of art of John Constable,John Constable,3461
163,generic_artists_prompts,an image in the style ofa reproduction of the famous art of John Constable,John Constable,4516
164,generic_artists_prompts,a design of Andy Warhol,Andy Warhol,6992
165,generic_artists_prompts,a painting of Andy Warhol,Andy Warhol,4296
166,generic_artists_prompts,a piece of art of Andy Warhol,Andy Warhol,2889
167,generic_artists_prompts,an image in the style ofa reproduction of the famous art of Andy Warhol,Andy Warhol,776
168,generic_artists_prompts,a design of Kirbi Fagan,Kirbi Fagan,2168
169,generic_artists_prompts,a painting of Kirbi Fagan,Kirbi Fagan,1090
170,generic_artists_prompts,a piece of art of Kirbi Fagan,Kirbi Fagan,1240
171,generic_artists_prompts,an image in the style ofa reproduction of the famous art of Kirbi Fagan,Kirbi Fagan,5167
172,generic_artists_prompts,a design of Nicky Boehme,Nicky Boehme,6203
173,generic_artists_prompts,a painting of Nicky Boehme,Nicky Boehme,1088
174,generic_artists_prompts,a piece of art of Nicky Boehme,Nicky Boehme,8921
175,generic_artists_prompts,an image in the style ofa reproduction of the famous art of Nicky Boehme,Nicky Boehme,8655
176,generic_artists_prompts,a design of Tokyo Ghoul,Tokyo Ghoul,7147
177,generic_artists_prompts,a painting of Tokyo Ghoul,Tokyo Ghoul,6208
178,generic_artists_prompts,a piece of art of Tokyo Ghoul,Tokyo Ghoul,7445
179,generic_artists_prompts,an image in the style ofa reproduction of the famous art of Tokyo Ghoul,Tokyo Ghoul,5002
180,generic_artists_prompts,a design of Muhammad Nafay,Muhammad Nafay,1038
181,generic_artists_prompts,a painting of Muhammad Nafay,Muhammad Nafay,8593
182,generic_artists_prompts,a piece of art of Muhammad Nafay,Muhammad Nafay,3792
183,generic_artists_prompts,an image in the style ofa reproduction of the famous art of Muhammad Nafay,Muhammad Nafay,7305
184,generic_artists_prompts,a design of Feng Zhu,Feng Zhu,5953
185,generic_artists_prompts,a painting of Feng Zhu,Feng Zhu,1127
186,generic_artists_prompts,a piece of art of Feng Zhu,Feng Zhu,7991
187,generic_artists_prompts,an image in the style ofa reproduction of the famous art of Feng Zhu,Feng Zhu,4115
188,generic_artists_prompts,a design of Jean Giraud,Jean Giraud,170
189,generic_artists_prompts,a painting of Jean Giraud,Jean Giraud,3048
190,generic_artists_prompts,a piece of art of Jean Giraud,Jean Giraud,3069
191,generic_artists_prompts,an image in the style ofa reproduction of the famous art of Jean Giraud,Jean Giraud,3683
192,generic_artists_prompts,a design of Thomas Kinkade,Thomas Kinkade,5596
193,generic_artists_prompts,a painting of Thomas Kinkade,Thomas Kinkade,7262
194,generic_artists_prompts,a piece of art of Thomas Kinkade,Thomas Kinkade,644
195,generic_artists_prompts,an image in the style ofa reproduction of the famous art of Thomas Kinkade,Thomas Kinkade,2028
196,generic_artists_prompts,a design of Michael Whelan,Michael Whelan,1680
197,generic_artists_prompts,a painting of Michael Whelan,Michael Whelan,7528
198,generic_artists_prompts,a piece of art of Michael Whelan,Michael Whelan,1875
199,generic_artists_prompts,an image in the style ofa reproduction of the famous art of Michael Whelan,Michael Whelan,2313
200,generic_artists_prompts,a design of Tyler Edlin,Tyler Edlin,8629
201,generic_artists_prompts,a painting of Tyler Edlin,Tyler Edlin,5156
202,generic_artists_prompts,a piece of art of Tyler Edlin,Tyler Edlin,1850
203,generic_artists_prompts,an image in the style ofa reproduction of the famous art of Tyler Edlin,Tyler Edlin,5594
204,generic_artists_prompts,a design of John Blanche,John Blanche,1372
205,generic_artists_prompts,a painting of John Blanche,John Blanche,3897
206,generic_artists_prompts,a piece of art of John Blanche,John Blanche,8901
207,generic_artists_prompts,an image in the style ofa reproduction of the famous art of John Blanche,John Blanche,7120
208,generic_artists_prompts,a design of Simon Stålenhag,Simon Stålenhag,271
209,generic_artists_prompts,a painting of Simon Stålenhag,Simon Stålenhag,198
210,generic_artists_prompts,a piece of art of Simon Stålenhag,Simon Stålenhag,1235
211,generic_artists_prompts,an image in the style ofa reproduction of the famous art of Simon Stålenhag,Simon Stålenhag,247
212,generic_artists_prompts,a design of Kilian Eng,Kilian Eng,4857
213,generic_artists_prompts,a painting of Kilian Eng,Kilian Eng,5853
214,generic_artists_prompts,a piece of art of Kilian Eng,Kilian Eng,9239
215,generic_artists_prompts,an image in the style ofa reproduction of the famous art of Kilian Eng,Kilian Eng,6237
216,generic_artists_prompts,a design of Gabriel Ba,Gabriel Ba,7568
217,generic_artists_prompts,a painting of Gabriel Ba,Gabriel Ba,6473
218,generic_artists_prompts,a piece of art of Gabriel Ba,Gabriel Ba,1187
219,generic_artists_prompts,an image in the style ofa reproduction of the famous art of Gabriel Ba,Gabriel Ba,455
220,generic_artists_prompts,a design of Abigail Larson,Abigail Larson,5868
221,generic_artists_prompts,a painting of Abigail Larson,Abigail Larson,3205
222,generic_artists_prompts,a piece of art of Abigail Larson,Abigail Larson,6941
223,generic_artists_prompts,an image in the style ofa reproduction of the famous art of Abigail Larson,Abigail Larson,9068
224,generic_artists_prompts,a design of Ajin: Demi-Human,Ajin: Demi-Human,4901
225,generic_artists_prompts,a painting of Ajin: Demi-Human,Ajin: Demi-Human,873
226,generic_artists_prompts,a piece of art of Ajin: Demi-Human,Ajin: Demi-Human,7242
227,generic_artists_prompts,an image in the style ofa reproduction of the famous art of Ajin: Demi-Human,Ajin: Demi-Human,1354
228,generic_artists_prompts,a design of Alec Soth,Alec Soth,4185
229,generic_artists_prompts,a painting of Alec Soth,Alec Soth,7996
230,generic_artists_prompts,a piece of art of Alec Soth,Alec Soth,9519
231,generic_artists_prompts,an image in the style ofa reproduction of the famous art of Alec Soth,Alec Soth,5599
232,generic_artists_prompts,a design of Alena Aenami,Alena Aenami,763
233,generic_artists_prompts,a painting of Alena Aenami,Alena Aenami,3406
234,generic_artists_prompts,a piece of art of Alena Aenami,Alena Aenami,7033
235,generic_artists_prompts,an image in the style ofa reproduction of the famous art of Alena Aenami,Alena Aenami,5870
236,generic_artists_prompts,a design of Alvaro Siza Vieira,Alvaro Siza Vieira,1680
237,generic_artists_prompts,a painting of Alvaro Siza Vieira,Alvaro Siza Vieira,1715
238,generic_artists_prompts,a piece of art of Alvaro Siza Vieira,Alvaro Siza Vieira,5907
239,generic_artists_prompts,an image in the style ofa reproduction of the famous art of Alvaro Siza Vieira,Alvaro Siza Vieira,9643
240,generic_artists_prompts,a design of André Kertész,André Kertész,8391
241,generic_artists_prompts,a painting of André Kertész,André Kertész,3486
242,generic_artists_prompts,a piece of art of André Kertész,André Kertész,3634
243,generic_artists_prompts,an image in the style ofa reproduction of the famous art of André Kertész,André Kertész,9281
244,generic_artists_prompts,a design of Asaf Hanuka,Asaf Hanuka,3867
245,generic_artists_prompts,a painting of Asaf Hanuka,Asaf Hanuka,4353
246,generic_artists_prompts,a piece of art of Asaf Hanuka,Asaf Hanuka,5255
247,generic_artists_prompts,an image in the style ofa reproduction of the famous art of Asaf Hanuka,Asaf Hanuka,5218
248,generic_artists_prompts,a design of Bridget Riley,Bridget Riley,4
249,generic_artists_prompts,a painting of Bridget Riley,Bridget Riley,5626
250,generic_artists_prompts,a piece of art of Bridget Riley,Bridget Riley,98
251,generic_artists_prompts,an image in the style ofa reproduction of the famous art of Bridget Riley,Bridget Riley,6620
252,generic_artists_prompts,a design of Glen Keane,Glen Keane,3806
253,generic_artists_prompts,a painting of Glen Keane,Glen Keane,4651
254,generic_artists_prompts,a piece of art of Glen Keane,Glen Keane,6136
255,generic_artists_prompts,an image in the style ofa reproduction of the famous art of Glen Keane,Glen Keane,5518
256,generic_artists_prompts,a design of John Constable,John Constable,6426
257,generic_artists_prompts,a painting of John Constable,John Constable,8112
258,generic_artists_prompts,a piece of art of John Constable,John Constable,6977
259,generic_artists_prompts,an image in the style ofa reproduction of the famous art of John Constable,John Constable,3997
260,generic_artists_prompts,a design of Andy Warhol,Andy Warhol,9062
261,generic_artists_prompts,a painting of Andy Warhol,Andy Warhol,931
262,generic_artists_prompts,a piece of art of Andy Warhol,Andy Warhol,4228
263,generic_artists_prompts,an image in the style ofa reproduction of the famous art of Andy Warhol,Andy Warhol,2934
264,generic_artists_prompts,a design of Kirbi Fagan,Kirbi Fagan,4467
265,generic_artists_prompts,a painting of Kirbi Fagan,Kirbi Fagan,5122
266,generic_artists_prompts,a piece of art of Kirbi Fagan,Kirbi Fagan,7324
267,generic_artists_prompts,an image in the style ofa reproduction of the famous art of Kirbi Fagan,Kirbi Fagan,6806
268,generic_artists_prompts,a design of Nicky Boehme,Nicky Boehme,1610
269,generic_artists_prompts,a painting of Nicky Boehme,Nicky Boehme,9927
270,generic_artists_prompts,a piece of art of Nicky Boehme,Nicky Boehme,1457
271,generic_artists_prompts,an image in the style ofa reproduction of the famous art of Nicky Boehme,Nicky Boehme,8278
272,generic_artists_prompts,a design of Tokyo Ghoul,Tokyo Ghoul,9718
273,generic_artists_prompts,a painting of Tokyo Ghoul,Tokyo Ghoul,9309
274,generic_artists_prompts,a piece of art of Tokyo Ghoul,Tokyo Ghoul,2147
275,generic_artists_prompts,an image in the style ofa reproduction of the famous art of Tokyo Ghoul,Tokyo Ghoul,2901
276,generic_artists_prompts,a design of Muhammad Nafay,Muhammad Nafay,3498
277,generic_artists_prompts,a painting of Muhammad Nafay,Muhammad Nafay,5024
278,generic_artists_prompts,a piece of art of Muhammad Nafay,Muhammad Nafay,1763
279,generic_artists_prompts,an image in the style ofa reproduction of the famous art of Muhammad Nafay,Muhammad Nafay,7013
280,generic_artists_prompts,a design of Feng Zhu,Feng Zhu,2746
281,generic_artists_prompts,a painting of Feng Zhu,Feng Zhu,3117
282,generic_artists_prompts,a piece of art of Feng Zhu,Feng Zhu,2483
283,generic_artists_prompts,an image in the style ofa reproduction of the famous art of Feng Zhu,Feng Zhu,2487
284,generic_artists_prompts,a design of Jean Giraud,Jean Giraud,4649
285,generic_artists_prompts,a painting of Jean Giraud,Jean Giraud,291
286,generic_artists_prompts,a piece of art of Jean Giraud,Jean Giraud,7105
287,generic_artists_prompts,an image in the style ofa reproduction of the famous art of Jean Giraud,Jean Giraud,1169
288,generic_artists_prompts,a design of Thomas Kinkade,Thomas Kinkade,1369
289,generic_artists_prompts,a painting of Thomas Kinkade,Thomas Kinkade,8816
290,generic_artists_prompts,a piece of art of Thomas Kinkade,Thomas Kinkade,4543
291,generic_artists_prompts,an image in the style ofa reproduction of the famous art of Thomas Kinkade,Thomas Kinkade,8186
292,generic_artists_prompts,a design of Michael Whelan,Michael Whelan,1407
293,generic_artists_prompts,a painting of Michael Whelan,Michael Whelan,3745
294,generic_artists_prompts,a piece of art of Michael Whelan,Michael Whelan,9387
295,generic_artists_prompts,an image in the style ofa reproduction of the famous art of Michael Whelan,Michael Whelan,7619
296,generic_artists_prompts,a design of Tyler Edlin,Tyler Edlin,9317
297,generic_artists_prompts,a painting of Tyler Edlin,Tyler Edlin,6656
298,generic_artists_prompts,a piece of art of Tyler Edlin,Tyler Edlin,6507
299,generic_artists_prompts,an image in the style ofa reproduction of the famous art of Tyler Edlin,Tyler Edlin,9689
300,generic_artists_prompts,a design of John Blanche,John Blanche,7594
301,generic_artists_prompts,a painting of John Blanche,John Blanche,3007
302,generic_artists_prompts,a piece of art of John Blanche,John Blanche,805
303,generic_artists_prompts,an image in the style ofa reproduction of the famous art of John Blanche,John Blanche,359
304,generic_artists_prompts,a design of Simon Stålenhag,Simon Stålenhag,5579
305,generic_artists_prompts,a painting of Simon Stålenhag,Simon Stålenhag,8715
306,generic_artists_prompts,a piece of art of Simon Stålenhag,Simon Stålenhag,2164
307,generic_artists_prompts,an image in the style ofa reproduction of the famous art of Simon Stålenhag,Simon Stålenhag,7405
308,generic_artists_prompts,a design of Kilian Eng,Kilian Eng,7367
309,generic_artists_prompts,a painting of Kilian Eng,Kilian Eng,9821
310,generic_artists_prompts,a piece of art of Kilian Eng,Kilian Eng,9873
311,generic_artists_prompts,an image in the style ofa reproduction of the famous art of Kilian Eng,Kilian Eng,2872
312,generic_artists_prompts,a design of Gabriel Ba,Gabriel Ba,7585
313,generic_artists_prompts,a painting of Gabriel Ba,Gabriel Ba,8686
314,generic_artists_prompts,a piece of art of Gabriel Ba,Gabriel Ba,2211
315,generic_artists_prompts,an image in the style ofa reproduction of the famous art of Gabriel Ba,Gabriel Ba,832
316,generic_artists_prompts,a design of Abigail Larson,Abigail Larson,1253
317,generic_artists_prompts,a painting of Abigail Larson,Abigail Larson,2227
318,generic_artists_prompts,a piece of art of Abigail Larson,Abigail Larson,3746
319,generic_artists_prompts,an image in the style ofa reproduction of the famous art of Abigail Larson,Abigail Larson,9117
320,generic_artists_prompts,a design of Ajin: Demi-Human,Ajin: Demi-Human,1791
321,generic_artists_prompts,a painting of Ajin: Demi-Human,Ajin: Demi-Human,2085
322,generic_artists_prompts,a piece of art of Ajin: Demi-Human,Ajin: Demi-Human,4978
323,generic_artists_prompts,an image in the style ofa reproduction of the famous art of Ajin: Demi-Human,Ajin: Demi-Human,3842
324,generic_artists_prompts,a design of Alec Soth,Alec Soth,352
325,generic_artists_prompts,a painting of Alec Soth,Alec Soth,9016
326,generic_artists_prompts,a piece of art of Alec Soth,Alec Soth,5994
327,generic_artists_prompts,an image in the style ofa reproduction of the famous art of Alec Soth,Alec Soth,8588
328,generic_artists_prompts,a design of Alena Aenami,Alena Aenami,5277
329,generic_artists_prompts,a painting of Alena Aenami,Alena Aenami,6472
330,generic_artists_prompts,a piece of art of Alena Aenami,Alena Aenami,5047
331,generic_artists_prompts,an image in the style ofa reproduction of the famous art of Alena Aenami,Alena Aenami,9427
332,generic_artists_prompts,a design of Alvaro Siza Vieira,Alvaro Siza Vieira,3650
333,generic_artists_prompts,a painting of Alvaro Siza Vieira,Alvaro Siza Vieira,6190
334,generic_artists_prompts,a piece of art of Alvaro Siza Vieira,Alvaro Siza Vieira,5268
335,generic_artists_prompts,an image in the style ofa reproduction of the famous art of Alvaro Siza Vieira,Alvaro Siza Vieira,1657
336,generic_artists_prompts,a design of André Kertész,André Kertész,8504
337,generic_artists_prompts,a painting of André Kertész,André Kertész,5036
338,generic_artists_prompts,a piece of art of André Kertész,André Kertész,2979
339,generic_artists_prompts,an image in the style ofa reproduction of the famous art of André Kertész,André Kertész,9624
340,generic_artists_prompts,a design of Asaf Hanuka,Asaf Hanuka,1145
341,generic_artists_prompts,a painting of Asaf Hanuka,Asaf Hanuka,4290
342,generic_artists_prompts,a piece of art of Asaf Hanuka,Asaf Hanuka,8516
343,generic_artists_prompts,an image in the style ofa reproduction of the famous art of Asaf Hanuka,Asaf Hanuka,1199
344,generic_artists_prompts,a design of Bridget Riley,Bridget Riley,2052
345,generic_artists_prompts,a painting of Bridget Riley,Bridget Riley,2991
346,generic_artists_prompts,a piece of art of Bridget Riley,Bridget Riley,8377
347,generic_artists_prompts,an image in the style ofa reproduction of the famous art of Bridget Riley,Bridget Riley,8632
348,generic_artists_prompts,a design of Glen Keane,Glen Keane,1834
349,generic_artists_prompts,a painting of Glen Keane,Glen Keane,473
350,generic_artists_prompts,a piece of art of Glen Keane,Glen Keane,265
351,generic_artists_prompts,an image in the style ofa reproduction of the famous art of Glen Keane,Glen Keane,7225
352,generic_artists_prompts,a design of John Constable,John Constable,1585
353,generic_artists_prompts,a painting of John Constable,John Constable,508
354,generic_artists_prompts,a piece of art of John Constable,John Constable,5371
355,generic_artists_prompts,an image in the style ofa reproduction of the famous art of John Constable,John Constable,5824
356,generic_artists_prompts,a design of Andy Warhol,Andy Warhol,909
357,generic_artists_prompts,a painting of Andy Warhol,Andy Warhol,757
358,generic_artists_prompts,a piece of art of Andy Warhol,Andy Warhol,187
359,generic_artists_prompts,an image in the style ofa reproduction of the famous art of Andy Warhol,Andy Warhol,734
360,generic_artists_prompts,a design of Kirbi Fagan,Kirbi Fagan,3279
361,generic_artists_prompts,a painting of Kirbi Fagan,Kirbi Fagan,9974
362,generic_artists_prompts,a piece of art of Kirbi Fagan,Kirbi Fagan,4443
363,generic_artists_prompts,an image in the style ofa reproduction of the famous art of Kirbi Fagan,Kirbi Fagan,6885
364,generic_artists_prompts,a design of Nicky Boehme,Nicky Boehme,8929
365,generic_artists_prompts,a painting of Nicky Boehme,Nicky Boehme,9493
366,generic_artists_prompts,a piece of art of Nicky Boehme,Nicky Boehme,3779
367,generic_artists_prompts,an image in the style ofa reproduction of the famous art of Nicky Boehme,Nicky Boehme,3879
368,generic_artists_prompts,a design of Tokyo Ghoul,Tokyo Ghoul,7343
369,generic_artists_prompts,a painting of Tokyo Ghoul,Tokyo Ghoul,357
370,generic_artists_prompts,a piece of art of Tokyo Ghoul,Tokyo Ghoul,6913
371,generic_artists_prompts,an image in the style ofa reproduction of the famous art of Tokyo Ghoul,Tokyo Ghoul,4904
372,generic_artists_prompts,a design of Muhammad Nafay,Muhammad Nafay,4077
373,generic_artists_prompts,a painting of Muhammad Nafay,Muhammad Nafay,3902
374,generic_artists_prompts,a piece of art of Muhammad Nafay,Muhammad Nafay,4778
375,generic_artists_prompts,an image in the style ofa reproduction of the famous art of Muhammad Nafay,Muhammad Nafay,465
376,generic_artists_prompts,a design of Feng Zhu,Feng Zhu,277
377,generic_artists_prompts,a painting of Feng Zhu,Feng Zhu,7588
378,generic_artists_prompts,a piece of art of Feng Zhu,Feng Zhu,1736
379,generic_artists_prompts,an image in the style ofa reproduction of the famous art of Feng Zhu,Feng Zhu,9062
380,generic_artists_prompts,a design of Jean Giraud,Jean Giraud,6679
381,generic_artists_prompts,a painting of Jean Giraud,Jean Giraud,9869
382,generic_artists_prompts,a piece of art of Jean Giraud,Jean Giraud,781
383,generic_artists_prompts,an image in the style ofa reproduction of the famous art of Jean Giraud,Jean Giraud,2722
384,generic_artists_prompts,a design of Thomas Kinkade,Thomas Kinkade,282
385,generic_artists_prompts,a painting of Thomas Kinkade,Thomas Kinkade,1040
386,generic_artists_prompts,a piece of art of Thomas Kinkade,Thomas Kinkade,2952
387,generic_artists_prompts,an image in the style ofa reproduction of the famous art of Thomas Kinkade,Thomas Kinkade,7101
388,generic_artists_prompts,a design of Michael Whelan,Michael Whelan,1394
389,generic_artists_prompts,a painting of Michael Whelan,Michael Whelan,9272
390,generic_artists_prompts,a piece of art of Michael Whelan,Michael Whelan,9011
391,generic_artists_prompts,an image in the style ofa reproduction of the famous art of Michael Whelan,Michael Whelan,9127
392,generic_artists_prompts,a design of Tyler Edlin,Tyler Edlin,7852
393,generic_artists_prompts,a painting of Tyler Edlin,Tyler Edlin,4293
394,generic_artists_prompts,a piece of art of Tyler Edlin,Tyler Edlin,7684
395,generic_artists_prompts,an image in the style ofa reproduction of the famous art of Tyler Edlin,Tyler Edlin,4500
396,generic_artists_prompts,a design of John Blanche,John Blanche,5039
397,generic_artists_prompts,a painting of John Blanche,John Blanche,617
398,generic_artists_prompts,a piece of art of John Blanche,John Blanche,4110
399,generic_artists_prompts,an image in the style ofa reproduction of the famous art of John Blanche,John Blanche,2853
400,generic_artists_prompts,a design of Simon Stålenhag,Simon Stålenhag,29
401,generic_artists_prompts,a painting of Simon Stålenhag,Simon Stålenhag,9698
402,generic_artists_prompts,a piece of art of Simon Stålenhag,Simon Stålenhag,5223
403,generic_artists_prompts,an image in the style ofa reproduction of the famous art of Simon Stålenhag,Simon Stålenhag,4961
404,generic_artists_prompts,a design of Kilian Eng,Kilian Eng,9284
405,generic_artists_prompts,a painting of Kilian Eng,Kilian Eng,9816
406,generic_artists_prompts,a piece of art of Kilian Eng,Kilian Eng,138
407,generic_artists_prompts,an image in the style ofa reproduction of the famous art of Kilian Eng,Kilian Eng,4402
408,generic_artists_prompts,a design of Gabriel Ba,Gabriel Ba,832
409,generic_artists_prompts,a painting of Gabriel Ba,Gabriel Ba,7488
410,generic_artists_prompts,a piece of art of Gabriel Ba,Gabriel Ba,4086
411,generic_artists_prompts,an image in the style ofa reproduction of the famous art of Gabriel Ba,Gabriel Ba,8713
412,generic_artists_prompts,a design of Abigail Larson,Abigail Larson,8900
413,generic_artists_prompts,a painting of Abigail Larson,Abigail Larson,9935
414,generic_artists_prompts,a piece of art of Abigail Larson,Abigail Larson,1110
415,generic_artists_prompts,an image in the style ofa reproduction of the famous art of Abigail Larson,Abigail Larson,9871
416,generic_artists_prompts,a design of Ajin: Demi-Human,Ajin: Demi-Human,7268
417,generic_artists_prompts,a painting of Ajin: Demi-Human,Ajin: Demi-Human,6453
418,generic_artists_prompts,a piece of art of Ajin: Demi-Human,Ajin: Demi-Human,1631
419,generic_artists_prompts,an image in the style ofa reproduction of the famous art of Ajin: Demi-Human,Ajin: Demi-Human,6674
420,generic_artists_prompts,a design of Alec Soth,Alec Soth,7925
421,generic_artists_prompts,a painting of Alec Soth,Alec Soth,8288
422,generic_artists_prompts,a piece of art of Alec Soth,Alec Soth,3660
423,generic_artists_prompts,an image in the style ofa reproduction of the famous art of Alec Soth,Alec Soth,489
424,generic_artists_prompts,a design of Alena Aenami,Alena Aenami,3997
425,generic_artists_prompts,a painting of Alena Aenami,Alena Aenami,387
426,generic_artists_prompts,a piece of art of Alena Aenami,Alena Aenami,8796
427,generic_artists_prompts,an image in the style ofa reproduction of the famous art of Alena Aenami,Alena Aenami,8958
428,generic_artists_prompts,a design of Alvaro Siza Vieira,Alvaro Siza Vieira,1153
429,generic_artists_prompts,a painting of Alvaro Siza Vieira,Alvaro Siza Vieira,8647
430,generic_artists_prompts,a piece of art of Alvaro Siza Vieira,Alvaro Siza Vieira,3603
431,generic_artists_prompts,an image in the style ofa reproduction of the famous art of Alvaro Siza Vieira,Alvaro Siza Vieira,3771
432,generic_artists_prompts,a design of André Kertész,André Kertész,5762
433,generic_artists_prompts,a painting of André Kertész,André Kertész,735
434,generic_artists_prompts,a piece of art of André Kertész,André Kertész,8270
435,generic_artists_prompts,an image in the style ofa reproduction of the famous art of André Kertész,André Kertész,9694
436,generic_artists_prompts,a design of Asaf Hanuka,Asaf Hanuka,800
437,generic_artists_prompts,a painting of Asaf Hanuka,Asaf Hanuka,1650
438,generic_artists_prompts,a piece of art of Asaf Hanuka,Asaf Hanuka,8735
439,generic_artists_prompts,an image in the style ofa reproduction of the famous art of Asaf Hanuka,Asaf Hanuka,282
440,generic_artists_prompts,a design of Bridget Riley,Bridget Riley,3379
441,generic_artists_prompts,a painting of Bridget Riley,Bridget Riley,6115
442,generic_artists_prompts,a piece of art of Bridget Riley,Bridget Riley,2385
443,generic_artists_prompts,an image in the style ofa reproduction of the famous art of Bridget Riley,Bridget Riley,8845
444,generic_artists_prompts,a design of Glen Keane,Glen Keane,4134
445,generic_artists_prompts,a painting of Glen Keane,Glen Keane,5644
446,generic_artists_prompts,a piece of art of Glen Keane,Glen Keane,3095
447,generic_artists_prompts,an image in the style ofa reproduction of the famous art of Glen Keane,Glen Keane,1897
448,generic_artists_prompts,a design of John Constable,John Constable,6225
449,generic_artists_prompts,a painting of John Constable,John Constable,6344
450,generic_artists_prompts,a piece of art of John Constable,John Constable,5779
451,generic_artists_prompts,an image in the style ofa reproduction of the famous art of John Constable,John Constable,7235
452,generic_artists_prompts,a design of Andy Warhol,Andy Warhol,7363
453,generic_artists_prompts,a painting of Andy Warhol,Andy Warhol,7634
454,generic_artists_prompts,a piece of art of Andy Warhol,Andy Warhol,5585
455,generic_artists_prompts,an image in the style ofa reproduction of the famous art of Andy Warhol,Andy Warhol,3918
456,generic_artists_prompts,a design of Kirbi Fagan,Kirbi Fagan,953
457,generic_artists_prompts,a painting of Kirbi Fagan,Kirbi Fagan,2780
458,generic_artists_prompts,a piece of art of Kirbi Fagan,Kirbi Fagan,4612
459,generic_artists_prompts,an image in the style ofa reproduction of the famous art of Kirbi Fagan,Kirbi Fagan,4567
460,generic_artists_prompts,a design of Nicky Boehme,Nicky Boehme,3195
461,generic_artists_prompts,a painting of Nicky Boehme,Nicky Boehme,2829
462,generic_artists_prompts,a piece of art of Nicky Boehme,Nicky Boehme,8512
463,generic_artists_prompts,an image in the style ofa reproduction of the famous art of Nicky Boehme,Nicky Boehme,4469
464,generic_artists_prompts,a design of Tokyo Ghoul,Tokyo Ghoul,4462
465,generic_artists_prompts,a painting of Tokyo Ghoul,Tokyo Ghoul,7833
466,generic_artists_prompts,a piece of art of Tokyo Ghoul,Tokyo Ghoul,1061
467,generic_artists_prompts,an image in the style ofa reproduction of the famous art of Tokyo Ghoul,Tokyo Ghoul,1500
468,generic_artists_prompts,a design of Muhammad Nafay,Muhammad Nafay,2781
469,generic_artists_prompts,a painting of Muhammad Nafay,Muhammad Nafay,4778
470,generic_artists_prompts,a piece of art of Muhammad Nafay,Muhammad Nafay,7576
471,generic_artists_prompts,an image in the style ofa reproduction of the famous art of Muhammad Nafay,Muhammad Nafay,955
472,generic_artists_prompts,a design of Feng Zhu,Feng Zhu,1651
473,generic_artists_prompts,a painting of Feng Zhu,Feng Zhu,2693
474,generic_artists_prompts,a piece of art of Feng Zhu,Feng Zhu,6739
475,generic_artists_prompts,an image in the style ofa reproduction of the famous art of Feng Zhu,Feng Zhu,1159
476,generic_artists_prompts,a design of Jean Giraud,Jean Giraud,5000
477,generic_artists_prompts,a painting of Jean Giraud,Jean Giraud,7353
478,generic_artists_prompts,a piece of art of Jean Giraud,Jean Giraud,9820
479,generic_artists_prompts,an image in the style ofa reproduction of the famous art of Jean Giraud,Jean Giraud,461
480,generic_artists_prompts,a design of Thomas Kinkade,Thomas Kinkade,7217
481,generic_artists_prompts,a painting of Thomas Kinkade,Thomas Kinkade,5252
482,generic_artists_prompts,a piece of art of Thomas Kinkade,Thomas Kinkade,3559
483,generic_artists_prompts,an image in the style ofa reproduction of the famous art of Thomas Kinkade,Thomas Kinkade,4747
484,generic_artists_prompts,a design of Michael Whelan,Michael Whelan,6589
485,generic_artists_prompts,a painting of Michael Whelan,Michael Whelan,7343
486,generic_artists_prompts,a piece of art of Michael Whelan,Michael Whelan,4966
487,generic_artists_prompts,an image in the style ofa reproduction of the famous art of Michael Whelan,Michael Whelan,5424
488,generic_artists_prompts,a design of Tyler Edlin,Tyler Edlin,9967
489,generic_artists_prompts,a painting of Tyler Edlin,Tyler Edlin,8286
490,generic_artists_prompts,a piece of art of Tyler Edlin,Tyler Edlin,8446
491,generic_artists_prompts,an image in the style ofa reproduction of the famous art of Tyler Edlin,Tyler Edlin,5816
492,generic_artists_prompts,a design of John Blanche,John Blanche,6802
493,generic_artists_prompts,a painting of John Blanche,John Blanche,7742
494,generic_artists_prompts,a piece of art of John Blanche,John Blanche,6251
495,generic_artists_prompts,an image in the style ofa reproduction of the famous art of John Blanche,John Blanche,3088
496,generic_artists_prompts,a design of Simon Stålenhag,Simon Stålenhag,2392
497,generic_artists_prompts,a painting of Simon Stålenhag,Simon Stålenhag,2939
498,generic_artists_prompts,a piece of art of Simon Stålenhag,Simon Stålenhag,5441
499,generic_artists_prompts,an image in the style ofa reproduction of the famous art of Simon Stålenhag,Simon Stålenhag,1464
500,generic_artists_prompts,a design of Kilian Eng,Kilian Eng,8323
501,generic_artists_prompts,a painting of Kilian Eng,Kilian Eng,2146
502,generic_artists_prompts,a piece of art of Kilian Eng,Kilian Eng,7210
503,generic_artists_prompts,an image in the style ofa reproduction of the famous art of Kilian Eng,Kilian Eng,6216
504,generic_artists_prompts,a design of Gabriel Ba,Gabriel Ba,4837
505,generic_artists_prompts,a painting of Gabriel Ba,Gabriel Ba,1695
506,generic_artists_prompts,a piece of art of Gabriel Ba,Gabriel Ba,5059
507,generic_artists_prompts,an image in the style ofa reproduction of the famous art of Gabriel Ba,Gabriel Ba,874
508,generic_artists_prompts,a design of Abigail Larson,Abigail Larson,2904
509,generic_artists_prompts,a painting of Abigail Larson,Abigail Larson,8733
510,generic_artists_prompts,a piece of art of Abigail Larson,Abigail Larson,9744
511,generic_artists_prompts,an image in the style ofa reproduction of the famous art of Abigail Larson,Abigail Larson,7227
512,generic_artists_prompts,a design of Ajin: Demi-Human,Ajin: Demi-Human,7617
513,generic_artists_prompts,a painting of Ajin: Demi-Human,Ajin: Demi-Human,5642
514,generic_artists_prompts,a piece of art of Ajin: Demi-Human,Ajin: Demi-Human,107
515,generic_artists_prompts,an image in the style ofa reproduction of the famous art of Ajin: Demi-Human,Ajin: Demi-Human,9578
516,generic_artists_prompts,a design of Alec Soth,Alec Soth,1025
517,generic_artists_prompts,a painting of Alec Soth,Alec Soth,4344
518,generic_artists_prompts,a piece of art of Alec Soth,Alec Soth,1571
519,generic_artists_prompts,an image in the style ofa reproduction of the famous art of Alec Soth,Alec Soth,2939
520,generic_artists_prompts,a design of Alena Aenami,Alena Aenami,5353
521,generic_artists_prompts,a painting of Alena Aenami,Alena Aenami,1646
522,generic_artists_prompts,a piece of art of Alena Aenami,Alena Aenami,376
523,generic_artists_prompts,an image in the style ofa reproduction of the famous art of Alena Aenami,Alena Aenami,8362
524,generic_artists_prompts,a design of Alvaro Siza Vieira,Alvaro Siza Vieira,1596
525,generic_artists_prompts,a painting of Alvaro Siza Vieira,Alvaro Siza Vieira,6854
526,generic_artists_prompts,a piece of art of Alvaro Siza Vieira,Alvaro Siza Vieira,4127
527,generic_artists_prompts,an image in the style ofa reproduction of the famous art of Alvaro Siza Vieira,Alvaro Siza Vieira,3567
528,generic_artists_prompts,a design of André Kertész,André Kertész,858
529,generic_artists_prompts,a painting of André Kertész,André Kertész,4150
530,generic_artists_prompts,a piece of art of André Kertész,André Kertész,9003
531,generic_artists_prompts,an image in the style ofa reproduction of the famous art of André Kertész,André Kertész,6617
532,generic_artists_prompts,a design of Asaf Hanuka,Asaf Hanuka,5807
533,generic_artists_prompts,a painting of Asaf Hanuka,Asaf Hanuka,7974
534,generic_artists_prompts,a piece of art of Asaf Hanuka,Asaf Hanuka,5853
535,generic_artists_prompts,an image in the style ofa reproduction of the famous art of Asaf Hanuka,Asaf Hanuka,7487
536,generic_artists_prompts,a design of Bridget Riley,Bridget Riley,3769
537,generic_artists_prompts,a painting of Bridget Riley,Bridget Riley,2064
538,generic_artists_prompts,a piece of art of Bridget Riley,Bridget Riley,8310
539,generic_artists_prompts,an image in the style ofa reproduction of the famous art of Bridget Riley,Bridget Riley,3811
540,generic_artists_prompts,a design of Glen Keane,Glen Keane,3062
541,generic_artists_prompts,a painting of Glen Keane,Glen Keane,5066
542,generic_artists_prompts,a piece of art of Glen Keane,Glen Keane,3978
543,generic_artists_prompts,an image in the style ofa reproduction of the famous art of Glen Keane,Glen Keane,7540
544,generic_artists_prompts,a design of John Constable,John Constable,2940
545,generic_artists_prompts,a painting of John Constable,John Constable,838
546,generic_artists_prompts,a piece of art of John Constable,John Constable,4802
547,generic_artists_prompts,an image in the style ofa reproduction of the famous art of John Constable,John Constable,7225
548,generic_artists_prompts,a design of Andy Warhol,Andy Warhol,7206
549,generic_artists_prompts,a painting of Andy Warhol,Andy Warhol,4829
550,generic_artists_prompts,a piece of art of Andy Warhol,Andy Warhol,4952
551,generic_artists_prompts,an image in the style ofa reproduction of the famous art of Andy Warhol,Andy Warhol,4540
552,generic_artists_prompts,a design of Kirbi Fagan,Kirbi Fagan,6367
553,generic_artists_prompts,a painting of Kirbi Fagan,Kirbi Fagan,9881
554,generic_artists_prompts,a piece of art of Kirbi Fagan,Kirbi Fagan,8273
555,generic_artists_prompts,an image in the style ofa reproduction of the famous art of Kirbi Fagan,Kirbi Fagan,6664
556,generic_artists_prompts,a design of Nicky Boehme,Nicky Boehme,3329
557,generic_artists_prompts,a painting of Nicky Boehme,Nicky Boehme,6906
558,generic_artists_prompts,a piece of art of Nicky Boehme,Nicky Boehme,1718
559,generic_artists_prompts,an image in the style ofa reproduction of the famous art of Nicky Boehme,Nicky Boehme,6142
560,generic_artists_prompts,a design of Tokyo Ghoul,Tokyo Ghoul,513
561,generic_artists_prompts,a painting of Tokyo Ghoul,Tokyo Ghoul,3234
562,generic_artists_prompts,a piece of art of Tokyo Ghoul,Tokyo Ghoul,3455
563,generic_artists_prompts,an image in the style ofa reproduction of the famous art of Tokyo Ghoul,Tokyo Ghoul,1449
564,generic_artists_prompts,a design of Muhammad Nafay,Muhammad Nafay,8125
565,generic_artists_prompts,a painting of Muhammad Nafay,Muhammad Nafay,4544
566,generic_artists_prompts,a piece of art of Muhammad Nafay,Muhammad Nafay,4541
567,generic_artists_prompts,an image in the style ofa reproduction of the famous art of Muhammad Nafay,Muhammad Nafay,9076
568,generic_artists_prompts,a design of Feng Zhu,Feng Zhu,5625
569,generic_artists_prompts,a painting of Feng Zhu,Feng Zhu,1117
570,generic_artists_prompts,a piece of art of Feng Zhu,Feng Zhu,1703
571,generic_artists_prompts,an image in the style ofa reproduction of the famous art of Feng Zhu,Feng Zhu,7963
572,generic_artists_prompts,a design of Jean Giraud,Jean Giraud,9388
573,generic_artists_prompts,a painting of Jean Giraud,Jean Giraud,4229
574,generic_artists_prompts,a piece of art of Jean Giraud,Jean Giraud,7067
575,generic_artists_prompts,an image in the style ofa reproduction of the famous art of Jean Giraud,Jean Giraud,8580
576,generic_artists_prompts,a design of Thomas Kinkade,Thomas Kinkade,1740
577,generic_artists_prompts,a painting of Thomas Kinkade,Thomas Kinkade,9935
578,generic_artists_prompts,a piece of art of Thomas Kinkade,Thomas Kinkade,1036
579,generic_artists_prompts,an image in the style ofa reproduction of the famous art of Thomas Kinkade,Thomas Kinkade,8204
580,generic_artists_prompts,a design of Michael Whelan,Michael Whelan,1785
581,generic_artists_prompts,a painting of Michael Whelan,Michael Whelan,6254
582,generic_artists_prompts,a piece of art of Michael Whelan,Michael Whelan,9036
583,generic_artists_prompts,an image in the style ofa reproduction of the famous art of Michael Whelan,Michael Whelan,7909
584,generic_artists_prompts,a design of Tyler Edlin,Tyler Edlin,7690
585,generic_artists_prompts,a painting of Tyler Edlin,Tyler Edlin,9685
586,generic_artists_prompts,a piece of art of Tyler Edlin,Tyler Edlin,1871
587,generic_artists_prompts,an image in the style ofa reproduction of the famous art of Tyler Edlin,Tyler Edlin,4778
588,generic_artists_prompts,a design of John Blanche,John Blanche,4668
589,generic_artists_prompts,a painting of John Blanche,John Blanche,1952
590,generic_artists_prompts,a piece of art of John Blanche,John Blanche,695
591,generic_artists_prompts,an image in the style ofa reproduction of the famous art of John Blanche,John Blanche,6775
592,generic_artists_prompts,a design of Simon Stålenhag,Simon Stålenhag,6431
593,generic_artists_prompts,a painting of Simon Stålenhag,Simon Stålenhag,3870
594,generic_artists_prompts,a piece of art of Simon Stålenhag,Simon Stålenhag,7998
595,generic_artists_prompts,an image in the style ofa reproduction of the famous art of Simon Stålenhag,Simon Stålenhag,2754
596,generic_artists_prompts,a design of Kilian Eng,Kilian Eng,3585
597,generic_artists_prompts,a painting of Kilian Eng,Kilian Eng,4932
598,generic_artists_prompts,a piece of art of Kilian Eng,Kilian Eng,938
599,generic_artists_prompts,an image in the style ofa reproduction of the famous art of Kilian Eng,Kilian Eng,5630
600,generic_artists_prompts,a design of Gabriel Ba,Gabriel Ba,374
601,generic_artists_prompts,a painting of Gabriel Ba,Gabriel Ba,5119
602,generic_artists_prompts,a piece of art of Gabriel Ba,Gabriel Ba,2226
603,generic_artists_prompts,an image in the style ofa reproduction of the famous art of Gabriel Ba,Gabriel Ba,7819
604,generic_artists_prompts,a design of Abigail Larson,Abigail Larson,4087
605,generic_artists_prompts,a painting of Abigail Larson,Abigail Larson,7058
606,generic_artists_prompts,a piece of art of Abigail Larson,Abigail Larson,6786
607,generic_artists_prompts,an image in the style ofa reproduction of the famous art of Abigail Larson,Abigail Larson,5708
608,generic_artists_prompts,a design of Ajin: Demi-Human,Ajin: Demi-Human,3846
609,generic_artists_prompts,a painting of Ajin: Demi-Human,Ajin: Demi-Human,732
610,generic_artists_prompts,a piece of art of Ajin: Demi-Human,Ajin: Demi-Human,9017
611,generic_artists_prompts,an image in the style ofa reproduction of the famous art of Ajin: Demi-Human,Ajin: Demi-Human,5331
612,generic_artists_prompts,a design of Alec Soth,Alec Soth,7375
613,generic_artists_prompts,a painting of Alec Soth,Alec Soth,7179
614,generic_artists_prompts,a piece of art of Alec Soth,Alec Soth,8377
615,generic_artists_prompts,an image in the style ofa reproduction of the famous art of Alec Soth,Alec Soth,7104
616,generic_artists_prompts,a design of Alena Aenami,Alena Aenami,2060
617,generic_artists_prompts,a painting of Alena Aenami,Alena Aenami,1701
618,generic_artists_prompts,a piece of art of Alena Aenami,Alena Aenami,7531
619,generic_artists_prompts,an image in the style ofa reproduction of the famous art of Alena Aenami,Alena Aenami,5873
620,generic_artists_prompts,a design of Alvaro Siza Vieira,Alvaro Siza Vieira,7820
621,generic_artists_prompts,a painting of Alvaro Siza Vieira,Alvaro Siza Vieira,8635
622,generic_artists_prompts,a piece of art of Alvaro Siza Vieira,Alvaro Siza Vieira,2751
623,generic_artists_prompts,an image in the style ofa reproduction of the famous art of Alvaro Siza Vieira,Alvaro Siza Vieira,154
624,generic_artists_prompts,a design of André Kertész,André Kertész,9748
625,generic_artists_prompts,a painting of André Kertész,André Kertész,5118
626,generic_artists_prompts,a piece of art of André Kertész,André Kertész,6788
627,generic_artists_prompts,an image in the style ofa reproduction of the famous art of André Kertész,André Kertész,4466
628,generic_artists_prompts,a design of Asaf Hanuka,Asaf Hanuka,461
629,generic_artists_prompts,a painting of Asaf Hanuka,Asaf Hanuka,9777
630,generic_artists_prompts,a piece of art of Asaf Hanuka,Asaf Hanuka,4781
631,generic_artists_prompts,an image in the style ofa reproduction of the famous art of Asaf Hanuka,Asaf Hanuka,1204
632,generic_artists_prompts,a design of Bridget Riley,Bridget Riley,7654
633,generic_artists_prompts,a painting of Bridget Riley,Bridget Riley,3335
634,generic_artists_prompts,a piece of art of Bridget Riley,Bridget Riley,787
635,generic_artists_prompts,an image in the style ofa reproduction of the famous art of Bridget Riley,Bridget Riley,2323
636,generic_artists_prompts,a design of Glen Keane,Glen Keane,7184
637,generic_artists_prompts,a painting of Glen Keane,Glen Keane,9351
638,generic_artists_prompts,a piece of art of Glen Keane,Glen Keane,1481
639,generic_artists_prompts,an image in the style ofa reproduction of the famous art of Glen Keane,Glen Keane,2970
640,generic_artists_prompts,a design of John Constable,John Constable,1346
641,generic_artists_prompts,a painting of John Constable,John Constable,1049
642,generic_artists_prompts,a piece of art of John Constable,John Constable,1366
643,generic_artists_prompts,an image in the style ofa reproduction of the famous art of John Constable,John Constable,4295
644,generic_artists_prompts,a design of Andy Warhol,Andy Warhol,1640
645,generic_artists_prompts,a painting of Andy Warhol,Andy Warhol,6826
646,generic_artists_prompts,a piece of art of Andy Warhol,Andy Warhol,8324
647,generic_artists_prompts,an image in the style ofa reproduction of the famous art of Andy Warhol,Andy Warhol,8219
648,generic_artists_prompts,a design of Kirbi Fagan,Kirbi Fagan,3951
649,generic_artists_prompts,a painting of Kirbi Fagan,Kirbi Fagan,8111
650,generic_artists_prompts,a piece of art of Kirbi Fagan,Kirbi Fagan,2507
651,generic_artists_prompts,an image in the style ofa reproduction of the famous art of Kirbi Fagan,Kirbi Fagan,4240
652,generic_artists_prompts,a design of Nicky Boehme,Nicky Boehme,1079
653,generic_artists_prompts,a painting of Nicky Boehme,Nicky Boehme,8794
654,generic_artists_prompts,a piece of art of Nicky Boehme,Nicky Boehme,6452
655,generic_artists_prompts,an image in the style ofa reproduction of the famous art of Nicky Boehme,Nicky Boehme,8137
656,generic_artists_prompts,a design of Tokyo Ghoul,Tokyo Ghoul,7376
657,generic_artists_prompts,a painting of Tokyo Ghoul,Tokyo Ghoul,5005
658,generic_artists_prompts,a piece of art of Tokyo Ghoul,Tokyo Ghoul,1817
659,generic_artists_prompts,an image in the style ofa reproduction of the famous art of Tokyo Ghoul,Tokyo Ghoul,6950
660,generic_artists_prompts,a design of Muhammad Nafay,Muhammad Nafay,8811
661,generic_artists_prompts,a painting of Muhammad Nafay,Muhammad Nafay,2050
662,generic_artists_prompts,a piece of art of Muhammad Nafay,Muhammad Nafay,8648
663,generic_artists_prompts,an image in the style ofa reproduction of the famous art of Muhammad Nafay,Muhammad Nafay,4555
664,generic_artists_prompts,a design of Feng Zhu,Feng Zhu,114
665,generic_artists_prompts,a painting of Feng Zhu,Feng Zhu,4885
666,generic_artists_prompts,a piece of art of Feng Zhu,Feng Zhu,1978
667,generic_artists_prompts,an image in the style ofa reproduction of the famous art of Feng Zhu,Feng Zhu,9212
668,generic_artists_prompts,a design of Jean Giraud,Jean Giraud,6346
669,generic_artists_prompts,a painting of Jean Giraud,Jean Giraud,2030
670,generic_artists_prompts,a piece of art of Jean Giraud,Jean Giraud,4765
671,generic_artists_prompts,an image in the style ofa reproduction of the famous art of Jean Giraud,Jean Giraud,518
672,generic_artists_prompts,a design of Thomas Kinkade,Thomas Kinkade,8068
673,generic_artists_prompts,a painting of Thomas Kinkade,Thomas Kinkade,34
674,generic_artists_prompts,a piece of art of Thomas Kinkade,Thomas Kinkade,6986
675,generic_artists_prompts,an image in the style ofa reproduction of the famous art of Thomas Kinkade,Thomas Kinkade,4060
676,generic_artists_prompts,a design of Michael Whelan,Michael Whelan,4092
677,generic_artists_prompts,a painting of Michael Whelan,Michael Whelan,3679
678,generic_artists_prompts,a piece of art of Michael Whelan,Michael Whelan,4899
679,generic_artists_prompts,an image in the style ofa reproduction of the famous art of Michael Whelan,Michael Whelan,8802
680,generic_artists_prompts,a design of Tyler Edlin,Tyler Edlin,7908
681,generic_artists_prompts,a painting of Tyler Edlin,Tyler Edlin,8225
682,generic_artists_prompts,a piece of art of Tyler Edlin,Tyler Edlin,4205
683,generic_artists_prompts,an image in the style ofa reproduction of the famous art of Tyler Edlin,Tyler Edlin,7130
684,generic_artists_prompts,a design of John Blanche,John Blanche,5222
685,generic_artists_prompts,a painting of John Blanche,John Blanche,1978
686,generic_artists_prompts,a piece of art of John Blanche,John Blanche,2423
687,generic_artists_prompts,an image in the style ofa reproduction of the famous art of John Blanche,John Blanche,2855
688,generic_artists_prompts,a design of Simon Stålenhag,Simon Stålenhag,8951
689,generic_artists_prompts,a painting of Simon Stålenhag,Simon Stålenhag,8852
690,generic_artists_prompts,a piece of art of Simon Stålenhag,Simon Stålenhag,9853
691,generic_artists_prompts,an image in the style ofa reproduction of the famous art of Simon Stålenhag,Simon Stålenhag,174
692,generic_artists_prompts,a design of Kilian Eng,Kilian Eng,8769
693,generic_artists_prompts,a painting of Kilian Eng,Kilian Eng,2028
694,generic_artists_prompts,a piece of art of Kilian Eng,Kilian Eng,8783
695,generic_artists_prompts,an image in the style ofa reproduction of the famous art of Kilian Eng,Kilian Eng,9612
696,generic_artists_prompts,a design of Gabriel Ba,Gabriel Ba,373
697,generic_artists_prompts,a painting of Gabriel Ba,Gabriel Ba,8330
698,generic_artists_prompts,a piece of art of Gabriel Ba,Gabriel Ba,1085
699,generic_artists_prompts,an image in the style ofa reproduction of the famous art of Gabriel Ba,Gabriel Ba,3412
700,generic_artists_prompts,a design of Abigail Larson,Abigail Larson,3936
701,generic_artists_prompts,a painting of Abigail Larson,Abigail Larson,4559
702,generic_artists_prompts,a piece of art of Abigail Larson,Abigail Larson,2101
703,generic_artists_prompts,an image in the style ofa reproduction of the famous art of Abigail Larson,Abigail Larson,2095
704,generic_artists_prompts,a design of Ajin: Demi-Human,Ajin: Demi-Human,7969
705,generic_artists_prompts,a painting of Ajin: Demi-Human,Ajin: Demi-Human,7559
706,generic_artists_prompts,a piece of art of Ajin: Demi-Human,Ajin: Demi-Human,3684
707,generic_artists_prompts,an image in the style ofa reproduction of the famous art of Ajin: Demi-Human,Ajin: Demi-Human,1107
708,generic_artists_prompts,a design of Alec Soth,Alec Soth,4190
709,generic_artists_prompts,a painting of Alec Soth,Alec Soth,8731
710,generic_artists_prompts,a piece of art of Alec Soth,Alec Soth,6109
711,generic_artists_prompts,an image in the style ofa reproduction of the famous art of Alec Soth,Alec Soth,574
712,generic_artists_prompts,a design of Alena Aenami,Alena Aenami,8374
713,generic_artists_prompts,a painting of Alena Aenami,Alena Aenami,8060
714,generic_artists_prompts,a piece of art of Alena Aenami,Alena Aenami,6191
715,generic_artists_prompts,an image in the style ofa reproduction of the famous art of Alena Aenami,Alena Aenami,478
716,generic_artists_prompts,a design of Alvaro Siza Vieira,Alvaro Siza Vieira,5276
717,generic_artists_prompts,a painting of Alvaro Siza Vieira,Alvaro Siza Vieira,9563
718,generic_artists_prompts,a piece of art of Alvaro Siza Vieira,Alvaro Siza Vieira,3876
719,generic_artists_prompts,an image in the style ofa reproduction of the famous art of Alvaro Siza Vieira,Alvaro Siza Vieira,6781
720,generic_artists_prompts,a design of André Kertész,André Kertész,885
721,generic_artists_prompts,a painting of André Kertész,André Kertész,4447
722,generic_artists_prompts,a piece of art of André Kertész,André Kertész,3269
723,generic_artists_prompts,an image in the style ofa reproduction of the famous art of André Kertész,André Kertész,2388
724,generic_artists_prompts,a design of Asaf Hanuka,Asaf Hanuka,4963
725,generic_artists_prompts,a painting of Asaf Hanuka,Asaf Hanuka,3426
726,generic_artists_prompts,a piece of art of Asaf Hanuka,Asaf Hanuka,5267
727,generic_artists_prompts,an image in the style ofa reproduction of the famous art of Asaf Hanuka,Asaf Hanuka,1468
728,generic_artists_prompts,a design of Bridget Riley,Bridget Riley,7310
729,generic_artists_prompts,a painting of Bridget Riley,Bridget Riley,1822
730,generic_artists_prompts,a piece of art of Bridget Riley,Bridget Riley,8446
731,generic_artists_prompts,an image in the style ofa reproduction of the famous art of Bridget Riley,Bridget Riley,3969
732,generic_artists_prompts,a design of Glen Keane,Glen Keane,6161
733,generic_artists_prompts,a painting of Glen Keane,Glen Keane,8433
734,generic_artists_prompts,a piece of art of Glen Keane,Glen Keane,5033
735,generic_artists_prompts,an image in the style ofa reproduction of the famous art of Glen Keane,Glen Keane,3990
736,generic_artists_prompts,a design of John Constable,John Constable,2162
737,generic_artists_prompts,a painting of John Constable,John Constable,7212
738,generic_artists_prompts,a piece of art of John Constable,John Constable,7717
739,generic_artists_prompts,an image in the style ofa reproduction of the famous art of John Constable,John Constable,6780
740,generic_artists_prompts,a design of Andy Warhol,Andy Warhol,2003
741,generic_artists_prompts,a painting of Andy Warhol,Andy Warhol,7952
742,generic_artists_prompts,a piece of art of Andy Warhol,Andy Warhol,1359
743,generic_artists_prompts,an image in the style ofa reproduction of the famous art of Andy Warhol,Andy Warhol,1191
744,generic_artists_prompts,a design of Kirbi Fagan,Kirbi Fagan,2174
745,generic_artists_prompts,a painting of Kirbi Fagan,Kirbi Fagan,9048
746,generic_artists_prompts,a piece of art of Kirbi Fagan,Kirbi Fagan,3964
747,generic_artists_prompts,an image in the style ofa reproduction of the famous art of Kirbi Fagan,Kirbi Fagan,4024
748,generic_artists_prompts,a design of Nicky Boehme,Nicky Boehme,7065
749,generic_artists_prompts,a painting of Nicky Boehme,Nicky Boehme,3694
750,generic_artists_prompts,a piece of art of Nicky Boehme,Nicky Boehme,1032
751,generic_artists_prompts,an image in the style ofa reproduction of the famous art of Nicky Boehme,Nicky Boehme,5249
752,generic_artists_prompts,a design of Tokyo Ghoul,Tokyo Ghoul,399
753,generic_artists_prompts,a painting of Tokyo Ghoul,Tokyo Ghoul,2381
754,generic_artists_prompts,a piece of art of Tokyo Ghoul,Tokyo Ghoul,9937
755,generic_artists_prompts,an image in the style ofa reproduction of the famous art of Tokyo Ghoul,Tokyo Ghoul,2866
756,generic_artists_prompts,a design of Muhammad Nafay,Muhammad Nafay,4782
757,generic_artists_prompts,a painting of Muhammad Nafay,Muhammad Nafay,3381
758,generic_artists_prompts,a piece of art of Muhammad Nafay,Muhammad Nafay,5962
759,generic_artists_prompts,an image in the style ofa reproduction of the famous art of Muhammad Nafay,Muhammad Nafay,5543
760,generic_artists_prompts,a design of Feng Zhu,Feng Zhu,3528
761,generic_artists_prompts,a painting of Feng Zhu,Feng Zhu,3979
762,generic_artists_prompts,a piece of art of Feng Zhu,Feng Zhu,1212
763,generic_artists_prompts,an image in the style ofa reproduction of the famous art of Feng Zhu,Feng Zhu,7269
764,generic_artists_prompts,a design of Jean Giraud,Jean Giraud,2732
765,generic_artists_prompts,a painting of Jean Giraud,Jean Giraud,1944
766,generic_artists_prompts,a piece of art of Jean Giraud,Jean Giraud,5102
767,generic_artists_prompts,an image in the style ofa reproduction of the famous art of Jean Giraud,Jean Giraud,613
768,generic_artists_prompts,a design of Thomas Kinkade,Thomas Kinkade,216
769,generic_artists_prompts,a painting of Thomas Kinkade,Thomas Kinkade,6529
770,generic_artists_prompts,a piece of art of Thomas Kinkade,Thomas Kinkade,4362
771,generic_artists_prompts,an image in the style ofa reproduction of the famous art of Thomas Kinkade,Thomas Kinkade,3838
772,generic_artists_prompts,a design of Michael Whelan,Michael Whelan,2585
773,generic_artists_prompts,a painting of Michael Whelan,Michael Whelan,5386
774,generic_artists_prompts,a piece of art of Michael Whelan,Michael Whelan,2401
775,generic_artists_prompts,an image in the style ofa reproduction of the famous art of Michael Whelan,Michael Whelan,4428
776,generic_artists_prompts,a design of Tyler Edlin,Tyler Edlin,4793
777,generic_artists_prompts,a painting of Tyler Edlin,Tyler Edlin,3802
778,generic_artists_prompts,a piece of art of Tyler Edlin,Tyler Edlin,8668
779,generic_artists_prompts,an image in the style ofa reproduction of the famous art of Tyler Edlin,Tyler Edlin,4668
780,generic_artists_prompts,a design of John Blanche,John Blanche,8852
781,generic_artists_prompts,a painting of John Blanche,John Blanche,9730
782,generic_artists_prompts,a piece of art of John Blanche,John Blanche,8073
783,generic_artists_prompts,an image in the style ofa reproduction of the famous art of John Blanche,John Blanche,8824
784,generic_artists_prompts,a design of Simon Stålenhag,Simon Stålenhag,5868
785,generic_artists_prompts,a painting of Simon Stålenhag,Simon Stålenhag,9074
786,generic_artists_prompts,a piece of art of Simon Stålenhag,Simon Stålenhag,8961
787,generic_artists_prompts,an image in the style ofa reproduction of the famous art of Simon Stålenhag,Simon Stålenhag,8
788,generic_artists_prompts,a design of Kilian Eng,Kilian Eng,6593
789,generic_artists_prompts,a painting of Kilian Eng,Kilian Eng,1683
790,generic_artists_prompts,a piece of art of Kilian Eng,Kilian Eng,1337
791,generic_artists_prompts,an image in the style ofa reproduction of the famous art of Kilian Eng,Kilian Eng,2265
792,generic_artists_prompts,a design of Gabriel Ba,Gabriel Ba,913
793,generic_artists_prompts,a painting of Gabriel Ba,Gabriel Ba,3664
794,generic_artists_prompts,a piece of art of Gabriel Ba,Gabriel Ba,5268
795,generic_artists_prompts,an image in the style ofa reproduction of the famous art of Gabriel Ba,Gabriel Ba,7452
796,generic_artists_prompts,a design of Abigail Larson,Abigail Larson,6116
797,generic_artists_prompts,a painting of Abigail Larson,Abigail Larson,9030
798,generic_artists_prompts,a piece of art of Abigail Larson,Abigail Larson,6190
799,generic_artists_prompts,an image in the style ofa reproduction of the famous art of Abigail Larson,Abigail Larson,83
800,generic_artists_prompts,a design of Ajin: Demi-Human,Ajin: Demi-Human,373
801,generic_artists_prompts,a painting of Ajin: Demi-Human,Ajin: Demi-Human,2359
802,generic_artists_prompts,a piece of art of Ajin: Demi-Human,Ajin: Demi-Human,5079
803,generic_artists_prompts,an image in the style ofa reproduction of the famous art of Ajin: Demi-Human,Ajin: Demi-Human,4714
804,generic_artists_prompts,a design of Alec Soth,Alec Soth,5765
805,generic_artists_prompts,a painting of Alec Soth,Alec Soth,1205
806,generic_artists_prompts,a piece of art of Alec Soth,Alec Soth,5077
807,generic_artists_prompts,an image in the style ofa reproduction of the famous art of Alec Soth,Alec Soth,1413
808,generic_artists_prompts,a design of Alena Aenami,Alena Aenami,7705
809,generic_artists_prompts,a painting of Alena Aenami,Alena Aenami,7646
810,generic_artists_prompts,a piece of art of Alena Aenami,Alena Aenami,3108
811,generic_artists_prompts,an image in the style ofa reproduction of the famous art of Alena Aenami,Alena Aenami,9244
812,generic_artists_prompts,a design of Alvaro Siza Vieira,Alvaro Siza Vieira,6994
813,generic_artists_prompts,a painting of Alvaro Siza Vieira,Alvaro Siza Vieira,6873
814,generic_artists_prompts,a piece of art of Alvaro Siza Vieira,Alvaro Siza Vieira,8000
815,generic_artists_prompts,an image in the style ofa reproduction of the famous art of Alvaro Siza Vieira,Alvaro Siza Vieira,5951
816,generic_artists_prompts,a design of André Kertész,André Kertész,7304
817,generic_artists_prompts,a painting of André Kertész,André Kertész,2774
818,generic_artists_prompts,a piece of art of André Kertész,André Kertész,6880
819,generic_artists_prompts,an image in the style ofa reproduction of the famous art of André Kertész,André Kertész,8292
820,generic_artists_prompts,a design of Asaf Hanuka,Asaf Hanuka,5869
821,generic_artists_prompts,a painting of Asaf Hanuka,Asaf Hanuka,8681
822,generic_artists_prompts,a piece of art of Asaf Hanuka,Asaf Hanuka,4527
823,generic_artists_prompts,an image in the style ofa reproduction of the famous art of Asaf Hanuka,Asaf Hanuka,7053
824,generic_artists_prompts,a design of Bridget Riley,Bridget Riley,840
825,generic_artists_prompts,a painting of Bridget Riley,Bridget Riley,4983
826,generic_artists_prompts,a piece of art of Bridget Riley,Bridget Riley,4155
827,generic_artists_prompts,an image in the style ofa reproduction of the famous art of Bridget Riley,Bridget Riley,8861
828,generic_artists_prompts,a design of Glen Keane,Glen Keane,2240
829,generic_artists_prompts,a painting of Glen Keane,Glen Keane,2323
830,generic_artists_prompts,a piece of art of Glen Keane,Glen Keane,7136
831,generic_artists_prompts,an image in the style ofa reproduction of the famous art of Glen Keane,Glen Keane,2262
832,generic_artists_prompts,a design of John Constable,John Constable,752
833,generic_artists_prompts,a painting of John Constable,John Constable,6316
834,generic_artists_prompts,a piece of art of John Constable,John Constable,6873
835,generic_artists_prompts,an image in the style ofa reproduction of the famous art of John Constable,John Constable,5278
836,generic_artists_prompts,a design of Andy Warhol,Andy Warhol,6336
837,generic_artists_prompts,a painting of Andy Warhol,Andy Warhol,5790
838,generic_artists_prompts,a piece of art of Andy Warhol,Andy Warhol,8438
839,generic_artists_prompts,an image in the style ofa reproduction of the famous art of Andy Warhol,Andy Warhol,5346
840,generic_artists_prompts,a design of Kirbi Fagan,Kirbi Fagan,3682
841,generic_artists_prompts,a painting of Kirbi Fagan,Kirbi Fagan,6522
842,generic_artists_prompts,a piece of art of Kirbi Fagan,Kirbi Fagan,3058
843,generic_artists_prompts,an image in the style ofa reproduction of the famous art of Kirbi Fagan,Kirbi Fagan,2276
844,generic_artists_prompts,a design of Nicky Boehme,Nicky Boehme,279
845,generic_artists_prompts,a painting of Nicky Boehme,Nicky Boehme,8322
846,generic_artists_prompts,a piece of art of Nicky Boehme,Nicky Boehme,1508
847,generic_artists_prompts,an image in the style ofa reproduction of the famous art of Nicky Boehme,Nicky Boehme,4698
848,generic_artists_prompts,a design of Tokyo Ghoul,Tokyo Ghoul,1212
849,generic_artists_prompts,a painting of Tokyo Ghoul,Tokyo Ghoul,7260
850,generic_artists_prompts,a piece of art of Tokyo Ghoul,Tokyo Ghoul,7582
851,generic_artists_prompts,an image in the style ofa reproduction of the famous art of Tokyo Ghoul,Tokyo Ghoul,1524
852,generic_artists_prompts,a design of Muhammad Nafay,Muhammad Nafay,4249
853,generic_artists_prompts,a painting of Muhammad Nafay,Muhammad Nafay,7447
854,generic_artists_prompts,a piece of art of Muhammad Nafay,Muhammad Nafay,2740
855,generic_artists_prompts,an image in the style ofa reproduction of the famous art of Muhammad Nafay,Muhammad Nafay,9751
856,generic_artists_prompts,a design of Feng Zhu,Feng Zhu,9306
857,generic_artists_prompts,a painting of Feng Zhu,Feng Zhu,1211
858,generic_artists_prompts,a piece of art of Feng Zhu,Feng Zhu,3240
859,generic_artists_prompts,an image in the style ofa reproduction of the famous art of Feng Zhu,Feng Zhu,6230
860,generic_artists_prompts,a design of Jean Giraud,Jean Giraud,7462
861,generic_artists_prompts,a painting of Jean Giraud,Jean Giraud,5236
862,generic_artists_prompts,a piece of art of Jean Giraud,Jean Giraud,365
863,generic_artists_prompts,an image in the style ofa reproduction of the famous art of Jean Giraud,Jean Giraud,5538
864,generic_artists_prompts,a design of Thomas Kinkade,Thomas Kinkade,9109
865,generic_artists_prompts,a painting of Thomas Kinkade,Thomas Kinkade,4795
866,generic_artists_prompts,a piece of art of Thomas Kinkade,Thomas Kinkade,6035
867,generic_artists_prompts,an image in the style ofa reproduction of the famous art of Thomas Kinkade,Thomas Kinkade,1399
868,generic_artists_prompts,a design of Michael Whelan,Michael Whelan,9662
869,generic_artists_prompts,a painting of Michael Whelan,Michael Whelan,7795
870,generic_artists_prompts,a piece of art of Michael Whelan,Michael Whelan,4728
871,generic_artists_prompts,an image in the style ofa reproduction of the famous art of Michael Whelan,Michael Whelan,2274
872,generic_artists_prompts,a design of Tyler Edlin,Tyler Edlin,654
873,generic_artists_prompts,a painting of Tyler Edlin,Tyler Edlin,478
874,generic_artists_prompts,a piece of art of Tyler Edlin,Tyler Edlin,5427
875,generic_artists_prompts,an image in the style ofa reproduction of the famous art of Tyler Edlin,Tyler Edlin,7563
876,generic_artists_prompts,a design of John Blanche,John Blanche,1080
877,generic_artists_prompts,a painting of John Blanche,John Blanche,3136
878,generic_artists_prompts,a piece of art of John Blanche,John Blanche,6757
879,generic_artists_prompts,an image in the style ofa reproduction of the famous art of John Blanche,John Blanche,9551
880,generic_artists_prompts,a design of Simon Stålenhag,Simon Stålenhag,2126
881,generic_artists_prompts,a painting of Simon Stålenhag,Simon Stålenhag,9283
882,generic_artists_prompts,a piece of art of Simon Stålenhag,Simon Stålenhag,9455
883,generic_artists_prompts,an image in the style ofa reproduction of the famous art of Simon Stålenhag,Simon Stålenhag,3174
884,generic_artists_prompts,a design of Kilian Eng,Kilian Eng,9737
885,generic_artists_prompts,a painting of Kilian Eng,Kilian Eng,1284
886,generic_artists_prompts,a piece of art of Kilian Eng,Kilian Eng,2922
887,generic_artists_prompts,an image in the style ofa reproduction of the famous art of Kilian Eng,Kilian Eng,4793
888,generic_artists_prompts,a design of Gabriel Ba,Gabriel Ba,8493
889,generic_artists_prompts,a painting of Gabriel Ba,Gabriel Ba,4245
890,generic_artists_prompts,a piece of art of Gabriel Ba,Gabriel Ba,7833
891,generic_artists_prompts,an image in the style ofa reproduction of the famous art of Gabriel Ba,Gabriel Ba,7446
892,generic_artists_prompts,a design of Abigail Larson,Abigail Larson,6522
893,generic_artists_prompts,a painting of Abigail Larson,Abigail Larson,9140
894,generic_artists_prompts,a piece of art of Abigail Larson,Abigail Larson,9695
895,generic_artists_prompts,an image in the style ofa reproduction of the famous art of Abigail Larson,Abigail Larson,3679
896,generic_artists_prompts,a design of Ajin: Demi-Human,Ajin: Demi-Human,3138
897,generic_artists_prompts,a painting of Ajin: Demi-Human,Ajin: Demi-Human,1097
898,generic_artists_prompts,a piece of art of Ajin: Demi-Human,Ajin: Demi-Human,558
899,generic_artists_prompts,an image in the style ofa reproduction of the famous art of Ajin: Demi-Human,Ajin: Demi-Human,4736
900,generic_artists_prompts,a design of Alec Soth,Alec Soth,9924
901,generic_artists_prompts,a painting of Alec Soth,Alec Soth,9579
902,generic_artists_prompts,a piece of art of Alec Soth,Alec Soth,9583
903,generic_artists_prompts,an image in the style ofa reproduction of the famous art of Alec Soth,Alec Soth,4459
904,generic_artists_prompts,a design of Alena Aenami,Alena Aenami,6627
905,generic_artists_prompts,a painting of Alena Aenami,Alena Aenami,6474
906,generic_artists_prompts,a piece of art of Alena Aenami,Alena Aenami,9023
907,generic_artists_prompts,an image in the style ofa reproduction of the famous art of Alena Aenami,Alena Aenami,8537
908,generic_artists_prompts,a design of Alvaro Siza Vieira,Alvaro Siza Vieira,6101
909,generic_artists_prompts,a painting of Alvaro Siza Vieira,Alvaro Siza Vieira,3781
910,generic_artists_prompts,a piece of art of Alvaro Siza Vieira,Alvaro Siza Vieira,7517
911,generic_artists_prompts,an image in the style ofa reproduction of the famous art of Alvaro Siza Vieira,Alvaro Siza Vieira,7465
912,generic_artists_prompts,a design of André Kertész,André Kertész,1339
913,generic_artists_prompts,a painting of André Kertész,André Kertész,3741
914,generic_artists_prompts,a piece of art of André Kertész,André Kertész,6937
915,generic_artists_prompts,an image in the style ofa reproduction of the famous art of André Kertész,André Kertész,8016
916,generic_artists_prompts,a design of Asaf Hanuka,Asaf Hanuka,2612
917,generic_artists_prompts,a painting of Asaf Hanuka,Asaf Hanuka,3956
918,generic_artists_prompts,a piece of art of Asaf Hanuka,Asaf Hanuka,1693
919,generic_artists_prompts,an image in the style ofa reproduction of the famous art of Asaf Hanuka,Asaf Hanuka,5080
920,generic_artists_prompts,a design of Bridget Riley,Bridget Riley,9107
921,generic_artists_prompts,a painting of Bridget Riley,Bridget Riley,241
922,generic_artists_prompts,a piece of art of Bridget Riley,Bridget Riley,60
923,generic_artists_prompts,an image in the style ofa reproduction of the famous art of Bridget Riley,Bridget Riley,1230
924,generic_artists_prompts,a design of Glen Keane,Glen Keane,7120
925,generic_artists_prompts,a painting of Glen Keane,Glen Keane,7334
926,generic_artists_prompts,a piece of art of Glen Keane,Glen Keane,8813
927,generic_artists_prompts,an image in the style ofa reproduction of the famous art of Glen Keane,Glen Keane,2506
928,generic_artists_prompts,a design of John Constable,John Constable,3530
929,generic_artists_prompts,a painting of John Constable,John Constable,346
930,generic_artists_prompts,a piece of art of John Constable,John Constable,9181
931,generic_artists_prompts,an image in the style ofa reproduction of the famous art of John Constable,John Constable,9126
932,generic_artists_prompts,a design of Andy Warhol,Andy Warhol,8787
933,generic_artists_prompts,a painting of Andy Warhol,Andy Warhol,1927
934,generic_artists_prompts,a piece of art of Andy Warhol,Andy Warhol,3835
935,generic_artists_prompts,an image in the style ofa reproduction of the famous art of Andy Warhol,Andy Warhol,9266
936,generic_artists_prompts,a design of Kirbi Fagan,Kirbi Fagan,8146
937,generic_artists_prompts,a painting of Kirbi Fagan,Kirbi Fagan,113
938,generic_artists_prompts,a piece of art of Kirbi Fagan,Kirbi Fagan,3054
939,generic_artists_prompts,an image in the style ofa reproduction of the famous art of Kirbi Fagan,Kirbi Fagan,2176
940,generic_artists_prompts,a design of Nicky Boehme,Nicky Boehme,5035
941,generic_artists_prompts,a painting of Nicky Boehme,Nicky Boehme,5640
942,generic_artists_prompts,a piece of art of Nicky Boehme,Nicky Boehme,9022
943,generic_artists_prompts,an image in the style ofa reproduction of the famous art of Nicky Boehme,Nicky Boehme,258
944,generic_artists_prompts,a design of Tokyo Ghoul,Tokyo Ghoul,4702
945,generic_artists_prompts,a painting of Tokyo Ghoul,Tokyo Ghoul,6446
946,generic_artists_prompts,a piece of art of Tokyo Ghoul,Tokyo Ghoul,1158
947,generic_artists_prompts,an image in the style ofa reproduction of the famous art of Tokyo Ghoul,Tokyo Ghoul,5452
948,generic_artists_prompts,a design of Muhammad Nafay,Muhammad Nafay,7827
949,generic_artists_prompts,a painting of Muhammad Nafay,Muhammad Nafay,7565
950,generic_artists_prompts,a piece of art of Muhammad Nafay,Muhammad Nafay,9464
951,generic_artists_prompts,an image in the style ofa reproduction of the famous art of Muhammad Nafay,Muhammad Nafay,612
952,generic_artists_prompts,a design of Feng Zhu,Feng Zhu,5961
953,generic_artists_prompts,a painting of Feng Zhu,Feng Zhu,6127
954,generic_artists_prompts,a piece of art of Feng Zhu,Feng Zhu,8265
955,generic_artists_prompts,an image in the style ofa reproduction of the famous art of Feng Zhu,Feng Zhu,1246
956,generic_artists_prompts,a design of Jean Giraud,Jean Giraud,7110
957,generic_artists_prompts,a painting of Jean Giraud,Jean Giraud,9981
958,generic_artists_prompts,a piece of art of Jean Giraud,Jean Giraud,8223
959,generic_artists_prompts,an image in the style ofa reproduction of the famous art of Jean Giraud,Jean Giraud,66
