,case_number,prompt,evaluation_seed,label_str
0,0,"A Wheatfield, with Cypresses by Vincent van Gogh",2219,Vincent van Gogh
1,1,"A Wheatfield, with Cypresses by Vincent van Gogh",69748,Vincent van Gogh
2,2,"A Wheatfield, with Cypresses by Vincent van Gogh",79520,Vincent van Gogh
3,3,"A Wheatfield, with Cypresses by Vincent van Gogh",66428,Vincent van Gogh
4,4,"A Wheatfield, with Cypresses by Vincent van Gogh",3601,Vincent van Gogh
5,5,"A Wheatfield, with Cypresses by Vincent van Gogh",35835,Vincent van Gogh
6,6,"A Wheatfield, with Cypresses by Vincent van Gogh",70712,Vincent van Gogh
7,7,"A Wheatfield, with Cypresses by Vincent van Gogh",44197,Vincent van Gogh
8,8,"A Wheatfield, with Cypresses by Vincent van Gogh",13535,Vincent van Gogh
9,9,"A Wheatfield, with Cypresses by Vincent van Gogh",79284,Vincent van Gogh
10,10,"A Wheatfield, with Cypresses by Vincent van Gogh",55529,Vincent van Gogh
11,11,"A Wheatfield, with Cypresses by Vincent van Gogh",42899,Vincent van Gogh
12,12,"A Wheatfield, with Cypresses by Vincent van Gogh",76304,Vincent van Gogh
13,13,"A Wheatfield, with Cypresses by Vincent van Gogh",41345,Vincent van Gogh
14,14,"A Wheatfield, with Cypresses by Vincent van Gogh",11997,Vincent van Gogh
15,15,"A Wheatfield, with Cypresses by Vincent van Gogh",95397,Vincent van Gogh
16,16,"A Wheatfield, with Cypresses by Vincent van Gogh",2562,Vincent van Gogh
17,17,"A Wheatfield, with Cypresses by Vincent van Gogh",14449,Vincent van Gogh
18,18,"A Wheatfield, with Cypresses by Vincent van Gogh",21125,Vincent van Gogh
19,19,"A Wheatfield, with Cypresses by Vincent van Gogh",84297,Vincent van Gogh
20,20,Almond Blossoms by Vincent van Gogh,4965,Vincent van Gogh
21,21,Almond Blossoms by Vincent van Gogh,90540,Vincent van Gogh
22,22,Almond Blossoms by Vincent van Gogh,74979,Vincent van Gogh
23,23,Almond Blossoms by Vincent van Gogh,92611,Vincent van Gogh
24,24,Almond Blossoms by Vincent van Gogh,67095,Vincent van Gogh
25,25,Almond Blossoms by Vincent van Gogh,85017,Vincent van Gogh
26,26,Almond Blossoms by Vincent van Gogh,84277,Vincent van Gogh
27,27,Almond Blossoms by Vincent van Gogh,32281,Vincent van Gogh
28,28,Almond Blossoms by Vincent van Gogh,10756,Vincent van Gogh
29,29,Almond Blossoms by Vincent van Gogh,98793,Vincent van Gogh
30,30,Almond Blossoms by Vincent van Gogh,37450,Vincent van Gogh
31,31,Almond Blossoms by Vincent van Gogh,85135,Vincent van Gogh
32,32,Almond Blossoms by Vincent van Gogh,86782,Vincent van Gogh
33,33,Almond Blossoms by Vincent van Gogh,15414,Vincent van Gogh
34,34,Almond Blossoms by Vincent van Gogh,68019,Vincent van Gogh
35,35,Almond Blossoms by Vincent van Gogh,69816,Vincent van Gogh
36,36,Almond Blossoms by Vincent van Gogh,30514,Vincent van Gogh
37,37,Almond Blossoms by Vincent van Gogh,43840,Vincent van Gogh
38,38,Almond Blossoms by Vincent van Gogh,3717,Vincent van Gogh
39,39,Almond Blossoms by Vincent van Gogh,33377,Vincent van Gogh
40,40,Bedroom in Arles by Vincent van Gogh,2795,Vincent van Gogh
41,41,Bedroom in Arles by Vincent van Gogh,82531,Vincent van Gogh
42,42,Bedroom in Arles by Vincent van Gogh,61640,Vincent van Gogh
43,43,Bedroom in Arles by Vincent van Gogh,81756,Vincent van Gogh
44,44,Bedroom in Arles by Vincent van Gogh,76623,Vincent van Gogh
45,45,Bedroom in Arles by Vincent van Gogh,28449,Vincent van Gogh
46,46,Bedroom in Arles by Vincent van Gogh,29327,Vincent van Gogh
47,47,Bedroom in Arles by Vincent van Gogh,90203,Vincent van Gogh
48,48,Bedroom in Arles by Vincent van Gogh,29574,Vincent van Gogh
49,49,Bedroom in Arles by Vincent van Gogh,11814,Vincent van Gogh
50,50,Bedroom in Arles by Vincent van Gogh,33636,Vincent van Gogh
51,51,Bedroom in Arles by Vincent van Gogh,85508,Vincent van Gogh
52,52,Bedroom in Arles by Vincent van Gogh,89755,Vincent van Gogh
53,53,Bedroom in Arles by Vincent van Gogh,80246,Vincent van Gogh
54,54,Bedroom in Arles by Vincent van Gogh,25475,Vincent van Gogh
55,55,Bedroom in Arles by Vincent van Gogh,70083,Vincent van Gogh
56,56,Bedroom in Arles by Vincent van Gogh,59859,Vincent van Gogh
57,57,Bedroom in Arles by Vincent van Gogh,67717,Vincent van Gogh
58,58,Bedroom in Arles by Vincent van Gogh,35916,Vincent van Gogh
59,59,Bedroom in Arles by Vincent van Gogh,51509,Vincent van Gogh
60,60,Bridge at Trinquetaille by Vincent van Gogh,3370,Vincent van Gogh
61,61,Bridge at Trinquetaille by Vincent van Gogh,21377,Vincent van Gogh
62,62,Bridge at Trinquetaille by Vincent van Gogh,27628,Vincent van Gogh
63,63,Bridge at Trinquetaille by Vincent van Gogh,7427,Vincent van Gogh
64,64,Bridge at Trinquetaille by Vincent van Gogh,54070,Vincent van Gogh
65,65,Bridge at Trinquetaille by Vincent van Gogh,48161,Vincent van Gogh
66,66,Bridge at Trinquetaille by Vincent van Gogh,33141,Vincent van Gogh
67,67,Bridge at Trinquetaille by Vincent van Gogh,74267,Vincent van Gogh
68,68,Bridge at Trinquetaille by Vincent van Gogh,23125,Vincent van Gogh
69,69,Bridge at Trinquetaille by Vincent van Gogh,10153,Vincent van Gogh
70,70,Bridge at Trinquetaille by Vincent van Gogh,56474,Vincent van Gogh
71,71,Bridge at Trinquetaille by Vincent van Gogh,84095,Vincent van Gogh
72,72,Bridge at Trinquetaille by Vincent van Gogh,47769,Vincent van Gogh
73,73,Bridge at Trinquetaille by Vincent van Gogh,65589,Vincent van Gogh
74,74,Bridge at Trinquetaille by Vincent van Gogh,33014,Vincent van Gogh
75,75,Bridge at Trinquetaille by Vincent van Gogh,45576,Vincent van Gogh
76,76,Bridge at Trinquetaille by Vincent van Gogh,98830,Vincent van Gogh
77,77,Bridge at Trinquetaille by Vincent van Gogh,94401,Vincent van Gogh
78,78,Bridge at Trinquetaille by Vincent van Gogh,8963,Vincent van Gogh
79,79,Bridge at Trinquetaille by Vincent van Gogh,64888,Vincent van Gogh
80,80,Café Terrace at Night by Vincent van Gogh,2776,Vincent van Gogh
81,81,Café Terrace at Night by Vincent van Gogh,29408,Vincent van Gogh
82,82,Café Terrace at Night by Vincent van Gogh,9011,Vincent van Gogh
83,83,Café Terrace at Night by Vincent van Gogh,54476,Vincent van Gogh
84,84,Café Terrace at Night by Vincent van Gogh,98983,Vincent van Gogh
85,85,Café Terrace at Night by Vincent van Gogh,37218,Vincent van Gogh
86,86,Café Terrace at Night by Vincent van Gogh,47041,Vincent van Gogh
87,87,Café Terrace at Night by Vincent van Gogh,17429,Vincent van Gogh
88,88,Café Terrace at Night by Vincent van Gogh,63191,Vincent van Gogh
89,89,Café Terrace at Night by Vincent van Gogh,70857,Vincent van Gogh
90,90,Café Terrace at Night by Vincent van Gogh,74355,Vincent van Gogh
91,91,Café Terrace at Night by Vincent van Gogh,71895,Vincent van Gogh
92,92,Café Terrace at Night by Vincent van Gogh,33730,Vincent van Gogh
93,93,Café Terrace at Night by Vincent van Gogh,22212,Vincent van Gogh
94,94,Café Terrace at Night by Vincent van Gogh,68705,Vincent van Gogh
95,95,Café Terrace at Night by Vincent van Gogh,60827,Vincent van Gogh
96,96,Café Terrace at Night by Vincent van Gogh,29870,Vincent van Gogh
97,97,Café Terrace at Night by Vincent van Gogh,64851,Vincent van Gogh
98,98,Café Terrace at Night by Vincent van Gogh,64289,Vincent van Gogh
99,99,Café Terrace at Night by Vincent van Gogh,61114,Vincent van Gogh
100,100,Cypresses by Vincent van Gogh,2410,Vincent van Gogh
101,101,Cypresses by Vincent van Gogh,26060,Vincent van Gogh
102,102,Cypresses by Vincent van Gogh,62687,Vincent van Gogh
103,103,Cypresses by Vincent van Gogh,94276,Vincent van Gogh
104,104,Cypresses by Vincent van Gogh,79103,Vincent van Gogh
105,105,Cypresses by Vincent van Gogh,8324,Vincent van Gogh
106,106,Cypresses by Vincent van Gogh,89535,Vincent van Gogh
107,107,Cypresses by Vincent van Gogh,55821,Vincent van Gogh
108,108,Cypresses by Vincent van Gogh,44400,Vincent van Gogh
109,109,Cypresses by Vincent van Gogh,27365,Vincent van Gogh
110,110,Cypresses by Vincent van Gogh,40361,Vincent van Gogh
111,111,Cypresses by Vincent van Gogh,72976,Vincent van Gogh
112,112,Cypresses by Vincent van Gogh,28415,Vincent van Gogh
113,113,Cypresses by Vincent van Gogh,11648,Vincent van Gogh
114,114,Cypresses by Vincent van Gogh,24779,Vincent van Gogh
115,115,Cypresses by Vincent van Gogh,42649,Vincent van Gogh
116,116,Cypresses by Vincent van Gogh,35113,Vincent van Gogh
117,117,Cypresses by Vincent van Gogh,56379,Vincent van Gogh
118,118,Cypresses by Vincent van Gogh,39445,Vincent van Gogh
119,119,Cypresses by Vincent van Gogh,27219,Vincent van Gogh
120,120,Enclosed Field with Rising Sun by Vincent van Gogh,2768,Vincent van Gogh
121,121,Enclosed Field with Rising Sun by Vincent van Gogh,46243,Vincent van Gogh
122,122,Enclosed Field with Rising Sun by Vincent van Gogh,57183,Vincent van Gogh
123,123,Enclosed Field with Rising Sun by Vincent van Gogh,24247,Vincent van Gogh
124,124,Enclosed Field with Rising Sun by Vincent van Gogh,7896,Vincent van Gogh
125,125,Enclosed Field with Rising Sun by Vincent van Gogh,90138,Vincent van Gogh
126,126,Enclosed Field with Rising Sun by Vincent van Gogh,38250,Vincent van Gogh
127,127,Enclosed Field with Rising Sun by Vincent van Gogh,13714,Vincent van Gogh
128,128,Enclosed Field with Rising Sun by Vincent van Gogh,94906,Vincent van Gogh
129,129,Enclosed Field with Rising Sun by Vincent van Gogh,48493,Vincent van Gogh
130,130,Enclosed Field with Rising Sun by Vincent van Gogh,907,Vincent van Gogh
131,131,Enclosed Field with Rising Sun by Vincent van Gogh,23141,Vincent van Gogh
132,132,Enclosed Field with Rising Sun by Vincent van Gogh,87160,Vincent van Gogh
133,133,Enclosed Field with Rising Sun by Vincent van Gogh,19920,Vincent van Gogh
134,134,Enclosed Field with Rising Sun by Vincent van Gogh,25661,Vincent van Gogh
135,135,Enclosed Field with Rising Sun by Vincent van Gogh,48988,Vincent van Gogh
136,136,Enclosed Field with Rising Sun by Vincent van Gogh,3891,Vincent van Gogh
137,137,Enclosed Field with Rising Sun by Vincent van Gogh,87773,Vincent van Gogh
138,138,Enclosed Field with Rising Sun by Vincent van Gogh,61824,Vincent van Gogh
139,139,Enclosed Field with Rising Sun by Vincent van Gogh,35704,Vincent van Gogh
140,140,Entrance to a Quarry by Vincent van Gogh,4274,Vincent van Gogh
141,141,Entrance to a Quarry by Vincent van Gogh,71505,Vincent van Gogh
142,142,Entrance to a Quarry by Vincent van Gogh,35215,Vincent van Gogh
143,143,Entrance to a Quarry by Vincent van Gogh,89598,Vincent van Gogh
144,144,Entrance to a Quarry by Vincent van Gogh,37260,Vincent van Gogh
145,145,Entrance to a Quarry by Vincent van Gogh,38729,Vincent van Gogh
146,146,Entrance to a Quarry by Vincent van Gogh,68625,Vincent van Gogh
147,147,Entrance to a Quarry by Vincent van Gogh,21875,Vincent van Gogh
148,148,Entrance to a Quarry by Vincent van Gogh,13007,Vincent van Gogh
149,149,Entrance to a Quarry by Vincent van Gogh,54851,Vincent van Gogh
150,150,Entrance to a Quarry by Vincent van Gogh,68323,Vincent van Gogh
151,151,Entrance to a Quarry by Vincent van Gogh,75902,Vincent van Gogh
152,152,Entrance to a Quarry by Vincent van Gogh,25010,Vincent van Gogh
153,153,Entrance to a Quarry by Vincent van Gogh,19372,Vincent van Gogh
154,154,Entrance to a Quarry by Vincent van Gogh,39682,Vincent van Gogh
155,155,Entrance to a Quarry by Vincent van Gogh,3599,Vincent van Gogh
156,156,Entrance to a Quarry by Vincent van Gogh,42682,Vincent van Gogh
157,157,Entrance to a Quarry by Vincent van Gogh,55544,Vincent van Gogh
158,158,Entrance to a Quarry by Vincent van Gogh,37918,Vincent van Gogh
159,159,Entrance to a Quarry by Vincent van Gogh,60071,Vincent van Gogh
160,160,Fishing Boats on the Beach at Saintes-Maries by Vincent van Gogh,3485,Vincent van Gogh
161,161,Fishing Boats on the Beach at Saintes-Maries by Vincent van Gogh,43125,Vincent van Gogh
162,162,Fishing Boats on the Beach at Saintes-Maries by Vincent van Gogh,66599,Vincent van Gogh
163,163,Fishing Boats on the Beach at Saintes-Maries by Vincent van Gogh,11880,Vincent van Gogh
164,164,Fishing Boats on the Beach at Saintes-Maries by Vincent van Gogh,40797,Vincent van Gogh
165,165,Fishing Boats on the Beach at Saintes-Maries by Vincent van Gogh,1198,Vincent van Gogh
166,166,Fishing Boats on the Beach at Saintes-Maries by Vincent van Gogh,69303,Vincent van Gogh
167,167,Fishing Boats on the Beach at Saintes-Maries by Vincent van Gogh,963,Vincent van Gogh
168,168,Fishing Boats on the Beach at Saintes-Maries by Vincent van Gogh,52606,Vincent van Gogh
169,169,Fishing Boats on the Beach at Saintes-Maries by Vincent van Gogh,47818,Vincent van Gogh
170,170,Fishing Boats on the Beach at Saintes-Maries by Vincent van Gogh,38004,Vincent van Gogh
171,171,Fishing Boats on the Beach at Saintes-Maries by Vincent van Gogh,4251,Vincent van Gogh
172,172,Fishing Boats on the Beach at Saintes-Maries by Vincent van Gogh,82633,Vincent van Gogh
173,173,Fishing Boats on the Beach at Saintes-Maries by Vincent van Gogh,59198,Vincent van Gogh
174,174,Fishing Boats on the Beach at Saintes-Maries by Vincent van Gogh,55858,Vincent van Gogh
175,175,Fishing Boats on the Beach at Saintes-Maries by Vincent van Gogh,53110,Vincent van Gogh
176,176,Fishing Boats on the Beach at Saintes-Maries by Vincent van Gogh,52177,Vincent van Gogh
177,177,Fishing Boats on the Beach at Saintes-Maries by Vincent van Gogh,39772,Vincent van Gogh
178,178,Fishing Boats on the Beach at Saintes-Maries by Vincent van Gogh,42252,Vincent van Gogh
179,179,Fishing Boats on the Beach at Saintes-Maries by Vincent van Gogh,41119,Vincent van Gogh
180,180,Green Wheat Field with Cypress by Vincent van Gogh,4323,Vincent van Gogh
181,181,Green Wheat Field with Cypress by Vincent van Gogh,26392,Vincent van Gogh
182,182,Green Wheat Field with Cypress by Vincent van Gogh,27653,Vincent van Gogh
183,183,Green Wheat Field with Cypress by Vincent van Gogh,76771,Vincent van Gogh
184,184,Green Wheat Field with Cypress by Vincent van Gogh,82096,Vincent van Gogh
185,185,Green Wheat Field with Cypress by Vincent van Gogh,64328,Vincent van Gogh
186,186,Green Wheat Field with Cypress by Vincent van Gogh,53406,Vincent van Gogh
187,187,Green Wheat Field with Cypress by Vincent van Gogh,58489,Vincent van Gogh
188,188,Green Wheat Field with Cypress by Vincent van Gogh,59993,Vincent van Gogh
189,189,Green Wheat Field with Cypress by Vincent van Gogh,87816,Vincent van Gogh
190,190,Green Wheat Field with Cypress by Vincent van Gogh,35197,Vincent van Gogh
191,191,Green Wheat Field with Cypress by Vincent van Gogh,32415,Vincent van Gogh
192,192,Green Wheat Field with Cypress by Vincent van Gogh,89244,Vincent van Gogh
193,193,Green Wheat Field with Cypress by Vincent van Gogh,22227,Vincent van Gogh
194,194,Green Wheat Field with Cypress by Vincent van Gogh,65000,Vincent van Gogh
195,195,Green Wheat Field with Cypress by Vincent van Gogh,82868,Vincent van Gogh
196,196,Green Wheat Field with Cypress by Vincent van Gogh,20487,Vincent van Gogh
197,197,Green Wheat Field with Cypress by Vincent van Gogh,82928,Vincent van Gogh
198,198,Green Wheat Field with Cypress by Vincent van Gogh,62365,Vincent van Gogh
199,199,Green Wheat Field with Cypress by Vincent van Gogh,3387,Vincent van Gogh
200,200,"Harvest at La Crau, with Montmajour in the Background by Vincent van Gogh",1986,Vincent van Gogh
201,201,"Harvest at La Crau, with Montmajour in the Background by Vincent van Gogh",49426,Vincent van Gogh
202,202,"Harvest at La Crau, with Montmajour in the Background by Vincent van Gogh",17028,Vincent van Gogh
203,203,"Harvest at La Crau, with Montmajour in the Background by Vincent van Gogh",88646,Vincent van Gogh
204,204,"Harvest at La Crau, with Montmajour in the Background by Vincent van Gogh",75405,Vincent van Gogh
205,205,"Harvest at La Crau, with Montmajour in the Background by Vincent van Gogh",73483,Vincent van Gogh
206,206,"Harvest at La Crau, with Montmajour in the Background by Vincent van Gogh",16875,Vincent van Gogh
207,207,"Harvest at La Crau, with Montmajour in the Background by Vincent van Gogh",93939,Vincent van Gogh
208,208,"Harvest at La Crau, with Montmajour in the Background by Vincent van Gogh",29841,Vincent van Gogh
209,209,"Harvest at La Crau, with Montmajour in the Background by Vincent van Gogh",56329,Vincent van Gogh
210,210,"Harvest at La Crau, with Montmajour in the Background by Vincent van Gogh",48869,Vincent van Gogh
211,211,"Harvest at La Crau, with Montmajour in the Background by Vincent van Gogh",3665,Vincent van Gogh
212,212,"Harvest at La Crau, with Montmajour in the Background by Vincent van Gogh",1838,Vincent van Gogh
213,213,"Harvest at La Crau, with Montmajour in the Background by Vincent van Gogh",29786,Vincent van Gogh
214,214,"Harvest at La Crau, with Montmajour in the Background by Vincent van Gogh",86866,Vincent van Gogh
215,215,"Harvest at La Crau, with Montmajour in the Background by Vincent van Gogh",18907,Vincent van Gogh
216,216,"Harvest at La Crau, with Montmajour in the Background by Vincent van Gogh",73643,Vincent van Gogh
217,217,"Harvest at La Crau, with Montmajour in the Background by Vincent van Gogh",59397,Vincent van Gogh
218,218,"Harvest at La Crau, with Montmajour in the Background by Vincent van Gogh",36582,Vincent van Gogh
219,219,"Harvest at La Crau, with Montmajour in the Background by Vincent van Gogh",39442,Vincent van Gogh
220,220,Irises by Vincent van Gogh,348,Vincent van Gogh
221,221,Irises by Vincent van Gogh,59156,Vincent van Gogh
222,222,Irises by Vincent van Gogh,5236,Vincent van Gogh
223,223,Irises by Vincent van Gogh,72574,Vincent van Gogh
224,224,Irises by Vincent van Gogh,48221,Vincent van Gogh
225,225,Irises by Vincent van Gogh,1894,Vincent van Gogh
226,226,Irises by Vincent van Gogh,13307,Vincent van Gogh
227,227,Irises by Vincent van Gogh,40229,Vincent van Gogh
228,228,Irises by Vincent van Gogh,95396,Vincent van Gogh
229,229,Irises by Vincent van Gogh,10890,Vincent van Gogh
230,230,Irises by Vincent van Gogh,57785,Vincent van Gogh
231,231,Irises by Vincent van Gogh,43111,Vincent van Gogh
232,232,Irises by Vincent van Gogh,8253,Vincent van Gogh
233,233,Irises by Vincent van Gogh,33932,Vincent van Gogh
234,234,Irises by Vincent van Gogh,53556,Vincent van Gogh
235,235,Irises by Vincent van Gogh,71055,Vincent van Gogh
236,236,Irises by Vincent van Gogh,2263,Vincent van Gogh
237,237,Irises by Vincent van Gogh,93410,Vincent van Gogh
238,238,Irises by Vincent van Gogh,21701,Vincent van Gogh
239,239,Irises by Vincent van Gogh,88106,Vincent van Gogh
240,240,La Mousmé by Vincent van Gogh,4518,Vincent van Gogh
241,241,La Mousmé by Vincent van Gogh,76783,Vincent van Gogh
242,242,La Mousmé by Vincent van Gogh,21932,Vincent van Gogh
243,243,La Mousmé by Vincent van Gogh,54212,Vincent van Gogh
244,244,La Mousmé by Vincent van Gogh,54813,Vincent van Gogh
245,245,La Mousmé by Vincent van Gogh,45695,Vincent van Gogh
246,246,La Mousmé by Vincent van Gogh,32357,Vincent van Gogh
247,247,La Mousmé by Vincent van Gogh,1697,Vincent van Gogh
248,248,La Mousmé by Vincent van Gogh,97174,Vincent van Gogh
249,249,La Mousmé by Vincent van Gogh,80913,Vincent van Gogh
250,250,La Mousmé by Vincent van Gogh,30163,Vincent van Gogh
251,251,La Mousmé by Vincent van Gogh,64757,Vincent van Gogh
252,252,La Mousmé by Vincent van Gogh,53996,Vincent van Gogh
253,253,La Mousmé by Vincent van Gogh,33,Vincent van Gogh
254,254,La Mousmé by Vincent van Gogh,62739,Vincent van Gogh
255,255,La Mousmé by Vincent van Gogh,8867,Vincent van Gogh
256,256,La Mousmé by Vincent van Gogh,80902,Vincent van Gogh
257,257,La Mousmé by Vincent van Gogh,86927,Vincent van Gogh
258,258,La Mousmé by Vincent van Gogh,47653,Vincent van Gogh
259,259,La Mousmé by Vincent van Gogh,13361,Vincent van Gogh
260,260,Landscape at Saint-Rémy by Vincent van Gogh,3202,Vincent van Gogh
261,261,Landscape at Saint-Rémy by Vincent van Gogh,17290,Vincent van Gogh
262,262,Landscape at Saint-Rémy by Vincent van Gogh,92951,Vincent van Gogh
263,263,Landscape at Saint-Rémy by Vincent van Gogh,89457,Vincent van Gogh
264,264,Landscape at Saint-Rémy by Vincent van Gogh,13303,Vincent van Gogh
265,265,Landscape at Saint-Rémy by Vincent van Gogh,30288,Vincent van Gogh
266,266,Landscape at Saint-Rémy by Vincent van Gogh,40288,Vincent van Gogh
267,267,Landscape at Saint-Rémy by Vincent van Gogh,6491,Vincent van Gogh
268,268,Landscape at Saint-Rémy by Vincent van Gogh,1303,Vincent van Gogh
269,269,Landscape at Saint-Rémy by Vincent van Gogh,41752,Vincent van Gogh
270,270,Landscape at Saint-Rémy by Vincent van Gogh,4221,Vincent van Gogh
271,271,Landscape at Saint-Rémy by Vincent van Gogh,89794,Vincent van Gogh
272,272,Landscape at Saint-Rémy by Vincent van Gogh,90147,Vincent van Gogh
273,273,Landscape at Saint-Rémy by Vincent van Gogh,17702,Vincent van Gogh
274,274,Landscape at Saint-Rémy by Vincent van Gogh,61054,Vincent van Gogh
275,275,Landscape at Saint-Rémy by Vincent van Gogh,26209,Vincent van Gogh
276,276,Landscape at Saint-Rémy by Vincent van Gogh,2293,Vincent van Gogh
277,277,Landscape at Saint-Rémy by Vincent van Gogh,67940,Vincent van Gogh
278,278,Landscape at Saint-Rémy by Vincent van Gogh,99877,Vincent van Gogh
279,279,Landscape at Saint-Rémy by Vincent van Gogh,61305,Vincent van Gogh
280,280,Landscape with Snow by Vincent van Gogh,4042,Vincent van Gogh
281,281,Landscape with Snow by Vincent van Gogh,64526,Vincent van Gogh
282,282,Landscape with Snow by Vincent van Gogh,69101,Vincent van Gogh
283,283,Landscape with Snow by Vincent van Gogh,686,Vincent van Gogh
284,284,Landscape with Snow by Vincent van Gogh,87783,Vincent van Gogh
285,285,Landscape with Snow by Vincent van Gogh,29284,Vincent van Gogh
286,286,Landscape with Snow by Vincent van Gogh,58449,Vincent van Gogh
287,287,Landscape with Snow by Vincent van Gogh,57889,Vincent van Gogh
288,288,Landscape with Snow by Vincent van Gogh,24908,Vincent van Gogh
289,289,Landscape with Snow by Vincent van Gogh,87022,Vincent van Gogh
290,290,Landscape with Snow by Vincent van Gogh,16891,Vincent van Gogh
291,291,Landscape with Snow by Vincent van Gogh,15328,Vincent van Gogh
292,292,Landscape with Snow by Vincent van Gogh,42441,Vincent van Gogh
293,293,Landscape with Snow by Vincent van Gogh,64563,Vincent van Gogh
294,294,Landscape with Snow by Vincent van Gogh,99039,Vincent van Gogh
295,295,Landscape with Snow by Vincent van Gogh,56653,Vincent van Gogh
296,296,Landscape with Snow by Vincent van Gogh,41395,Vincent van Gogh
297,297,Landscape with Snow by Vincent van Gogh,16186,Vincent van Gogh
298,298,Landscape with Snow by Vincent van Gogh,66179,Vincent van Gogh
299,299,Landscape with Snow by Vincent van Gogh,11951,Vincent van Gogh
300,300,Olive Trees by Vincent van Gogh,2297,Vincent van Gogh
301,301,Olive Trees by Vincent van Gogh,84995,Vincent van Gogh
302,302,Olive Trees by Vincent van Gogh,85973,Vincent van Gogh
303,303,Olive Trees by Vincent van Gogh,5657,Vincent van Gogh
304,304,Olive Trees by Vincent van Gogh,29061,Vincent van Gogh
305,305,Olive Trees by Vincent van Gogh,67766,Vincent van Gogh
306,306,Olive Trees by Vincent van Gogh,94910,Vincent van Gogh
307,307,Olive Trees by Vincent van Gogh,74129,Vincent van Gogh
308,308,Olive Trees by Vincent van Gogh,25495,Vincent van Gogh
309,309,Olive Trees by Vincent van Gogh,2654,Vincent van Gogh
310,310,Olive Trees by Vincent van Gogh,2630,Vincent van Gogh
311,311,Olive Trees by Vincent van Gogh,14722,Vincent van Gogh
312,312,Olive Trees by Vincent van Gogh,3704,Vincent van Gogh
313,313,Olive Trees by Vincent van Gogh,4397,Vincent van Gogh
314,314,Olive Trees by Vincent van Gogh,73440,Vincent van Gogh
315,315,Olive Trees by Vincent van Gogh,40582,Vincent van Gogh
316,316,Olive Trees by Vincent van Gogh,8615,Vincent van Gogh
317,317,Olive Trees by Vincent van Gogh,88570,Vincent van Gogh
318,318,Olive Trees by Vincent van Gogh,89744,Vincent van Gogh
319,319,Olive Trees by Vincent van Gogh,59318,Vincent van Gogh
320,320,Peasant Woman Binding Sheaves by Vincent van Gogh,2804,Vincent van Gogh
321,321,Peasant Woman Binding Sheaves by Vincent van Gogh,74559,Vincent van Gogh
322,322,Peasant Woman Binding Sheaves by Vincent van Gogh,68459,Vincent van Gogh
323,323,Peasant Woman Binding Sheaves by Vincent van Gogh,23447,Vincent van Gogh
324,324,Peasant Woman Binding Sheaves by Vincent van Gogh,51130,Vincent van Gogh
325,325,Peasant Woman Binding Sheaves by Vincent van Gogh,83236,Vincent van Gogh
326,326,Peasant Woman Binding Sheaves by Vincent van Gogh,75702,Vincent van Gogh
327,327,Peasant Woman Binding Sheaves by Vincent van Gogh,42930,Vincent van Gogh
328,328,Peasant Woman Binding Sheaves by Vincent van Gogh,30514,Vincent van Gogh
329,329,Peasant Woman Binding Sheaves by Vincent van Gogh,90691,Vincent van Gogh
330,330,Peasant Woman Binding Sheaves by Vincent van Gogh,67980,Vincent van Gogh
331,331,Peasant Woman Binding Sheaves by Vincent van Gogh,15655,Vincent van Gogh
332,332,Peasant Woman Binding Sheaves by Vincent van Gogh,41762,Vincent van Gogh
333,333,Peasant Woman Binding Sheaves by Vincent van Gogh,5343,Vincent van Gogh
334,334,Peasant Woman Binding Sheaves by Vincent van Gogh,1252,Vincent van Gogh
335,335,Peasant Woman Binding Sheaves by Vincent van Gogh,34639,Vincent van Gogh
336,336,Peasant Woman Binding Sheaves by Vincent van Gogh,75597,Vincent van Gogh
337,337,Peasant Woman Binding Sheaves by Vincent van Gogh,95575,Vincent van Gogh
338,338,Peasant Woman Binding Sheaves by Vincent van Gogh,54703,Vincent van Gogh
339,339,Peasant Woman Binding Sheaves by Vincent van Gogh,34022,Vincent van Gogh
340,340,Portrait of Dr. Gachet by Vincent van Gogh,3061,Vincent van Gogh
341,341,Portrait of Dr. Gachet by Vincent van Gogh,38407,Vincent van Gogh
342,342,Portrait of Dr. Gachet by Vincent van Gogh,63662,Vincent van Gogh
343,343,Portrait of Dr. Gachet by Vincent van Gogh,75360,Vincent van Gogh
344,344,Portrait of Dr. Gachet by Vincent van Gogh,99078,Vincent van Gogh
345,345,Portrait of Dr. Gachet by Vincent van Gogh,95136,Vincent van Gogh
346,346,Portrait of Dr. Gachet by Vincent van Gogh,36605,Vincent van Gogh
347,347,Portrait of Dr. Gachet by Vincent van Gogh,31977,Vincent van Gogh
348,348,Portrait of Dr. Gachet by Vincent van Gogh,96454,Vincent van Gogh
349,349,Portrait of Dr. Gachet by Vincent van Gogh,76440,Vincent van Gogh
350,350,Portrait of Dr. Gachet by Vincent van Gogh,85133,Vincent van Gogh
351,351,Portrait of Dr. Gachet by Vincent van Gogh,19295,Vincent van Gogh
352,352,Portrait of Dr. Gachet by Vincent van Gogh,3699,Vincent van Gogh
353,353,Portrait of Dr. Gachet by Vincent van Gogh,95080,Vincent van Gogh
354,354,Portrait of Dr. Gachet by Vincent van Gogh,88414,Vincent van Gogh
355,355,Portrait of Dr. Gachet by Vincent van Gogh,87896,Vincent van Gogh
356,356,Portrait of Dr. Gachet by Vincent van Gogh,87454,Vincent van Gogh
357,357,Portrait of Dr. Gachet by Vincent van Gogh,13396,Vincent van Gogh
358,358,Portrait of Dr. Gachet by Vincent van Gogh,47752,Vincent van Gogh
359,359,Portrait of Dr. Gachet by Vincent van Gogh,63926,Vincent van Gogh
360,360,Portrait of Joseph Roulin by Vincent van Gogh,4118,Vincent van Gogh
361,361,Portrait of Joseph Roulin by Vincent van Gogh,65305,Vincent van Gogh
362,362,Portrait of Joseph Roulin by Vincent van Gogh,14619,Vincent van Gogh
363,363,Portrait of Joseph Roulin by Vincent van Gogh,69932,Vincent van Gogh
364,364,Portrait of Joseph Roulin by Vincent van Gogh,60176,Vincent van Gogh
365,365,Portrait of Joseph Roulin by Vincent van Gogh,55752,Vincent van Gogh
366,366,Portrait of Joseph Roulin by Vincent van Gogh,7190,Vincent van Gogh
367,367,Portrait of Joseph Roulin by Vincent van Gogh,93854,Vincent van Gogh
368,368,Portrait of Joseph Roulin by Vincent van Gogh,14480,Vincent van Gogh
369,369,Portrait of Joseph Roulin by Vincent van Gogh,4526,Vincent van Gogh
370,370,Portrait of Joseph Roulin by Vincent van Gogh,58470,Vincent van Gogh
371,371,Portrait of Joseph Roulin by Vincent van Gogh,58749,Vincent van Gogh
372,372,Portrait of Joseph Roulin by Vincent van Gogh,746,Vincent van Gogh
373,373,Portrait of Joseph Roulin by Vincent van Gogh,47926,Vincent van Gogh
374,374,Portrait of Joseph Roulin by Vincent van Gogh,93685,Vincent van Gogh
375,375,Portrait of Joseph Roulin by Vincent van Gogh,50632,Vincent van Gogh
376,376,Portrait of Joseph Roulin by Vincent van Gogh,90182,Vincent van Gogh
377,377,Portrait of Joseph Roulin by Vincent van Gogh,61853,Vincent van Gogh
378,378,Portrait of Joseph Roulin by Vincent van Gogh,13229,Vincent van Gogh
379,379,Portrait of Joseph Roulin by Vincent van Gogh,79954,Vincent van Gogh
380,380,Red Vineyards at Arles by Vincent van Gogh,2388,Vincent van Gogh
381,381,Red Vineyards at Arles by Vincent van Gogh,33990,Vincent van Gogh
382,382,Red Vineyards at Arles by Vincent van Gogh,3877,Vincent van Gogh
383,383,Red Vineyards at Arles by Vincent van Gogh,95787,Vincent van Gogh
384,384,Red Vineyards at Arles by Vincent van Gogh,28781,Vincent van Gogh
385,385,Red Vineyards at Arles by Vincent van Gogh,60797,Vincent van Gogh
386,386,Red Vineyards at Arles by Vincent van Gogh,97813,Vincent van Gogh
387,387,Red Vineyards at Arles by Vincent van Gogh,30898,Vincent van Gogh
388,388,Red Vineyards at Arles by Vincent van Gogh,74793,Vincent van Gogh
389,389,Red Vineyards at Arles by Vincent van Gogh,91153,Vincent van Gogh
390,390,Red Vineyards at Arles by Vincent van Gogh,25743,Vincent van Gogh
391,391,Red Vineyards at Arles by Vincent van Gogh,31069,Vincent van Gogh
392,392,Red Vineyards at Arles by Vincent van Gogh,9989,Vincent van Gogh
393,393,Red Vineyards at Arles by Vincent van Gogh,12087,Vincent van Gogh
394,394,Red Vineyards at Arles by Vincent van Gogh,45489,Vincent van Gogh
395,395,Red Vineyards at Arles by Vincent van Gogh,40121,Vincent van Gogh
396,396,Red Vineyards at Arles by Vincent van Gogh,42632,Vincent van Gogh
397,397,Red Vineyards at Arles by Vincent van Gogh,45849,Vincent van Gogh
398,398,Red Vineyards at Arles by Vincent van Gogh,44241,Vincent van Gogh
399,399,Red Vineyards at Arles by Vincent van Gogh,31687,Vincent van Gogh
400,400,Rooftops in Paris by Vincent van Gogh,98,Vincent van Gogh
401,401,Rooftops in Paris by Vincent van Gogh,71380,Vincent van Gogh
402,402,Rooftops in Paris by Vincent van Gogh,54713,Vincent van Gogh
403,403,Rooftops in Paris by Vincent van Gogh,51100,Vincent van Gogh
404,404,Rooftops in Paris by Vincent van Gogh,91376,Vincent van Gogh
405,405,Rooftops in Paris by Vincent van Gogh,86174,Vincent van Gogh
406,406,Rooftops in Paris by Vincent van Gogh,8221,Vincent van Gogh
407,407,Rooftops in Paris by Vincent van Gogh,18764,Vincent van Gogh
408,408,Rooftops in Paris by Vincent van Gogh,91194,Vincent van Gogh
409,409,Rooftops in Paris by Vincent van Gogh,68015,Vincent van Gogh
410,410,Rooftops in Paris by Vincent van Gogh,64727,Vincent van Gogh
411,411,Rooftops in Paris by Vincent van Gogh,94060,Vincent van Gogh
412,412,Rooftops in Paris by Vincent van Gogh,59129,Vincent van Gogh
413,413,Rooftops in Paris by Vincent van Gogh,70961,Vincent van Gogh
414,414,Rooftops in Paris by Vincent van Gogh,51574,Vincent van Gogh
415,415,Rooftops in Paris by Vincent van Gogh,29850,Vincent van Gogh
416,416,Rooftops in Paris by Vincent van Gogh,96245,Vincent van Gogh
417,417,Rooftops in Paris by Vincent van Gogh,34292,Vincent van Gogh
418,418,Rooftops in Paris by Vincent van Gogh,32839,Vincent van Gogh
419,419,Rooftops in Paris by Vincent van Gogh,44698,Vincent van Gogh
420,420,Self-portrait with Bandaged Ear by Vincent van Gogh,1098,Vincent van Gogh
421,421,Self-portrait with Bandaged Ear by Vincent van Gogh,68436,Vincent van Gogh
422,422,Self-portrait with Bandaged Ear by Vincent van Gogh,19085,Vincent van Gogh
423,423,Self-portrait with Bandaged Ear by Vincent van Gogh,57671,Vincent van Gogh
424,424,Self-portrait with Bandaged Ear by Vincent van Gogh,7883,Vincent van Gogh
425,425,Self-portrait with Bandaged Ear by Vincent van Gogh,12436,Vincent van Gogh
426,426,Self-portrait with Bandaged Ear by Vincent van Gogh,39556,Vincent van Gogh
427,427,Self-portrait with Bandaged Ear by Vincent van Gogh,38296,Vincent van Gogh
428,428,Self-portrait with Bandaged Ear by Vincent van Gogh,29208,Vincent van Gogh
429,429,Self-portrait with Bandaged Ear by Vincent van Gogh,18929,Vincent van Gogh
430,430,Self-portrait with Bandaged Ear by Vincent van Gogh,63401,Vincent van Gogh
431,431,Self-portrait with Bandaged Ear by Vincent van Gogh,41501,Vincent van Gogh
432,432,Self-portrait with Bandaged Ear by Vincent van Gogh,15801,Vincent van Gogh
433,433,Self-portrait with Bandaged Ear by Vincent van Gogh,79037,Vincent van Gogh
434,434,Self-portrait with Bandaged Ear by Vincent van Gogh,99982,Vincent van Gogh
435,435,Self-portrait with Bandaged Ear by Vincent van Gogh,64327,Vincent van Gogh
436,436,Self-portrait with Bandaged Ear by Vincent van Gogh,58611,Vincent van Gogh
437,437,Self-portrait with Bandaged Ear by Vincent van Gogh,64111,Vincent van Gogh
438,438,Self-portrait with Bandaged Ear by Vincent van Gogh,86893,Vincent van Gogh
439,439,Self-portrait with Bandaged Ear by Vincent van Gogh,4365,Vincent van Gogh
440,440,Sorrow by Vincent van Gogh,4784,Vincent van Gogh
441,441,Sorrow by Vincent van Gogh,57756,Vincent van Gogh
442,442,Sorrow by Vincent van Gogh,83392,Vincent van Gogh
443,443,Sorrow by Vincent van Gogh,78493,Vincent van Gogh
444,444,Sorrow by Vincent van Gogh,18572,Vincent van Gogh
445,445,Sorrow by Vincent van Gogh,60846,Vincent van Gogh
446,446,Sorrow by Vincent van Gogh,32028,Vincent van Gogh
447,447,Sorrow by Vincent van Gogh,48270,Vincent van Gogh
448,448,Sorrow by Vincent van Gogh,52652,Vincent van Gogh
449,449,Sorrow by Vincent van Gogh,71075,Vincent van Gogh
450,450,Sorrow by Vincent van Gogh,67240,Vincent van Gogh
451,451,Sorrow by Vincent van Gogh,41484,Vincent van Gogh
452,452,Sorrow by Vincent van Gogh,59354,Vincent van Gogh
453,453,Sorrow by Vincent van Gogh,55821,Vincent van Gogh
454,454,Sorrow by Vincent van Gogh,24771,Vincent van Gogh
455,455,Sorrow by Vincent van Gogh,98983,Vincent van Gogh
456,456,Sorrow by Vincent van Gogh,33370,Vincent van Gogh
457,457,Sorrow by Vincent van Gogh,73518,Vincent van Gogh
458,458,Sorrow by Vincent van Gogh,89834,Vincent van Gogh
459,459,Sorrow by Vincent van Gogh,16128,Vincent van Gogh
460,460,Sower with Setting Sun by Vincent van Gogh,3051,Vincent van Gogh
461,461,Sower with Setting Sun by Vincent van Gogh,30217,Vincent van Gogh
462,462,Sower with Setting Sun by Vincent van Gogh,65684,Vincent van Gogh
463,463,Sower with Setting Sun by Vincent van Gogh,77466,Vincent van Gogh
464,464,Sower with Setting Sun by Vincent van Gogh,77546,Vincent van Gogh
465,465,Sower with Setting Sun by Vincent van Gogh,44547,Vincent van Gogh
466,466,Sower with Setting Sun by Vincent van Gogh,30797,Vincent van Gogh
467,467,Sower with Setting Sun by Vincent van Gogh,99494,Vincent van Gogh
468,468,Sower with Setting Sun by Vincent van Gogh,23459,Vincent van Gogh
469,469,Sower with Setting Sun by Vincent van Gogh,8827,Vincent van Gogh
470,470,Sower with Setting Sun by Vincent van Gogh,10071,Vincent van Gogh
471,471,Sower with Setting Sun by Vincent van Gogh,84386,Vincent van Gogh
472,472,Sower with Setting Sun by Vincent van Gogh,69218,Vincent van Gogh
473,473,Sower with Setting Sun by Vincent van Gogh,65250,Vincent van Gogh
474,474,Sower with Setting Sun by Vincent van Gogh,72639,Vincent van Gogh
475,475,Sower with Setting Sun by Vincent van Gogh,61945,Vincent van Gogh
476,476,Sower with Setting Sun by Vincent van Gogh,3061,Vincent van Gogh
477,477,Sower with Setting Sun by Vincent van Gogh,32898,Vincent van Gogh
478,478,Sower with Setting Sun by Vincent van Gogh,74839,Vincent van Gogh
479,479,Sower with Setting Sun by Vincent van Gogh,11921,Vincent van Gogh
480,480,Starry Night Over the Rhone by Vincent van Gogh,4669,Vincent van Gogh
481,481,Starry Night Over the Rhone by Vincent van Gogh,64415,Vincent van Gogh
482,482,Starry Night Over the Rhone by Vincent van Gogh,7530,Vincent van Gogh
483,483,Starry Night Over the Rhone by Vincent van Gogh,89279,Vincent van Gogh
484,484,Starry Night Over the Rhone by Vincent van Gogh,68269,Vincent van Gogh
485,485,Starry Night Over the Rhone by Vincent van Gogh,48312,Vincent van Gogh
486,486,Starry Night Over the Rhone by Vincent van Gogh,71440,Vincent van Gogh
487,487,Starry Night Over the Rhone by Vincent van Gogh,19559,Vincent van Gogh
488,488,Starry Night Over the Rhone by Vincent van Gogh,46187,Vincent van Gogh
489,489,Starry Night Over the Rhone by Vincent van Gogh,1330,Vincent van Gogh
490,490,Starry Night Over the Rhone by Vincent van Gogh,11727,Vincent van Gogh
491,491,Starry Night Over the Rhone by Vincent van Gogh,23099,Vincent van Gogh
492,492,Starry Night Over the Rhone by Vincent van Gogh,24123,Vincent van Gogh
493,493,Starry Night Over the Rhone by Vincent van Gogh,14073,Vincent van Gogh
494,494,Starry Night Over the Rhone by Vincent van Gogh,31081,Vincent van Gogh
495,495,Starry Night Over the Rhone by Vincent van Gogh,90202,Vincent van Gogh
496,496,Starry Night Over the Rhone by Vincent van Gogh,27155,Vincent van Gogh
497,497,Starry Night Over the Rhone by Vincent van Gogh,40389,Vincent van Gogh
498,498,Starry Night Over the Rhone by Vincent van Gogh,39094,Vincent van Gogh
499,499,Starry Night Over the Rhone by Vincent van Gogh,23020,Vincent van Gogh
500,500,Starry Night by Vincent van Gogh,3025,Vincent van Gogh
501,501,Starry Night by Vincent van Gogh,45687,Vincent van Gogh
502,502,Starry Night by Vincent van Gogh,36823,Vincent van Gogh
503,503,Starry Night by Vincent van Gogh,12004,Vincent van Gogh
504,504,Starry Night by Vincent van Gogh,20130,Vincent van Gogh
505,505,Starry Night by Vincent van Gogh,64123,Vincent van Gogh
506,506,Starry Night by Vincent van Gogh,22573,Vincent van Gogh
507,507,Starry Night by Vincent van Gogh,86368,Vincent van Gogh
508,508,Starry Night by Vincent van Gogh,94829,Vincent van Gogh
509,509,Starry Night by Vincent van Gogh,75843,Vincent van Gogh
510,510,Starry Night by Vincent van Gogh,75138,Vincent van Gogh
511,511,Starry Night by Vincent van Gogh,34687,Vincent van Gogh
512,512,Starry Night by Vincent van Gogh,95414,Vincent van Gogh
513,513,Starry Night by Vincent van Gogh,74310,Vincent van Gogh
514,514,Starry Night by Vincent van Gogh,50930,Vincent van Gogh
515,515,Starry Night by Vincent van Gogh,93194,Vincent van Gogh
516,516,Starry Night by Vincent van Gogh,87016,Vincent van Gogh
517,517,Starry Night by Vincent van Gogh,82641,Vincent van Gogh
518,518,Starry Night by Vincent van Gogh,56570,Vincent van Gogh
519,519,Starry Night by Vincent van Gogh,19856,Vincent van Gogh
520,520,Sunflowers by Vincent van Gogh,2478,Vincent van Gogh
521,521,Sunflowers by Vincent van Gogh,93057,Vincent van Gogh
522,522,Sunflowers by Vincent van Gogh,54243,Vincent van Gogh
523,523,Sunflowers by Vincent van Gogh,68470,Vincent van Gogh
524,524,Sunflowers by Vincent van Gogh,86055,Vincent van Gogh
525,525,Sunflowers by Vincent van Gogh,35450,Vincent van Gogh
526,526,Sunflowers by Vincent van Gogh,91833,Vincent van Gogh
527,527,Sunflowers by Vincent van Gogh,90892,Vincent van Gogh
528,528,Sunflowers by Vincent van Gogh,64236,Vincent van Gogh
529,529,Sunflowers by Vincent van Gogh,55284,Vincent van Gogh
530,530,Sunflowers by Vincent van Gogh,81937,Vincent van Gogh
531,531,Sunflowers by Vincent van Gogh,519,Vincent van Gogh
532,532,Sunflowers by Vincent van Gogh,55639,Vincent van Gogh
533,533,Sunflowers by Vincent van Gogh,52833,Vincent van Gogh
534,534,Sunflowers by Vincent van Gogh,7968,Vincent van Gogh
535,535,Sunflowers by Vincent van Gogh,105,Vincent van Gogh
536,536,Sunflowers by Vincent van Gogh,63903,Vincent van Gogh
537,537,Sunflowers by Vincent van Gogh,62298,Vincent van Gogh
538,538,Sunflowers by Vincent van Gogh,59201,Vincent van Gogh
539,539,Sunflowers by Vincent van Gogh,65698,Vincent van Gogh
540,540,The Bedroom by Vincent van Gogh,3395,Vincent van Gogh
541,541,The Bedroom by Vincent van Gogh,10881,Vincent van Gogh
542,542,The Bedroom by Vincent van Gogh,48320,Vincent van Gogh
543,543,The Bedroom by Vincent van Gogh,19693,Vincent van Gogh
544,544,The Bedroom by Vincent van Gogh,73353,Vincent van Gogh
545,545,The Bedroom by Vincent van Gogh,60723,Vincent van Gogh
546,546,The Bedroom by Vincent van Gogh,72635,Vincent van Gogh
547,547,The Bedroom by Vincent van Gogh,86021,Vincent van Gogh
548,548,The Bedroom by Vincent van Gogh,38453,Vincent van Gogh
549,549,The Bedroom by Vincent van Gogh,69313,Vincent van Gogh
550,550,The Bedroom by Vincent van Gogh,5301,Vincent van Gogh
551,551,The Bedroom by Vincent van Gogh,67854,Vincent van Gogh
552,552,The Bedroom by Vincent van Gogh,21763,Vincent van Gogh
553,553,The Bedroom by Vincent van Gogh,35579,Vincent van Gogh
554,554,The Bedroom by Vincent van Gogh,31780,Vincent van Gogh
555,555,The Bedroom by Vincent van Gogh,64838,Vincent van Gogh
556,556,The Bedroom by Vincent van Gogh,93049,Vincent van Gogh
557,557,The Bedroom by Vincent van Gogh,53325,Vincent van Gogh
558,558,The Bedroom by Vincent van Gogh,84034,Vincent van Gogh
559,559,The Bedroom by Vincent van Gogh,9692,Vincent van Gogh
560,560,The Church at Auvers by Vincent van Gogh,638,Vincent van Gogh
561,561,The Church at Auvers by Vincent van Gogh,57139,Vincent van Gogh
562,562,The Church at Auvers by Vincent van Gogh,67209,Vincent van Gogh
563,563,The Church at Auvers by Vincent van Gogh,48141,Vincent van Gogh
564,564,The Church at Auvers by Vincent van Gogh,57292,Vincent van Gogh
565,565,The Church at Auvers by Vincent van Gogh,74382,Vincent van Gogh
566,566,The Church at Auvers by Vincent van Gogh,79612,Vincent van Gogh
567,567,The Church at Auvers by Vincent van Gogh,12752,Vincent van Gogh
568,568,The Church at Auvers by Vincent van Gogh,90552,Vincent van Gogh
569,569,The Church at Auvers by Vincent van Gogh,15988,Vincent van Gogh
570,570,The Church at Auvers by Vincent van Gogh,11917,Vincent van Gogh
571,571,The Church at Auvers by Vincent van Gogh,12153,Vincent van Gogh
572,572,The Church at Auvers by Vincent van Gogh,71672,Vincent van Gogh
573,573,The Church at Auvers by Vincent van Gogh,6650,Vincent van Gogh
574,574,The Church at Auvers by Vincent van Gogh,76573,Vincent van Gogh
575,575,The Church at Auvers by Vincent van Gogh,51814,Vincent van Gogh
576,576,The Church at Auvers by Vincent van Gogh,50390,Vincent van Gogh
577,577,The Church at Auvers by Vincent van Gogh,3436,Vincent van Gogh
578,578,The Church at Auvers by Vincent van Gogh,14180,Vincent van Gogh
579,579,The Church at Auvers by Vincent van Gogh,9534,Vincent van Gogh
580,580,The Cottage by Vincent van Gogh,2645,Vincent van Gogh
581,581,The Cottage by Vincent van Gogh,49925,Vincent van Gogh
582,582,The Cottage by Vincent van Gogh,19498,Vincent van Gogh
583,583,The Cottage by Vincent van Gogh,57565,Vincent van Gogh
584,584,The Cottage by Vincent van Gogh,48926,Vincent van Gogh
585,585,The Cottage by Vincent van Gogh,24120,Vincent van Gogh
586,586,The Cottage by Vincent van Gogh,29144,Vincent van Gogh
587,587,The Cottage by Vincent van Gogh,67565,Vincent van Gogh
588,588,The Cottage by Vincent van Gogh,10180,Vincent van Gogh
589,589,The Cottage by Vincent van Gogh,19448,Vincent van Gogh
590,590,The Cottage by Vincent van Gogh,64047,Vincent van Gogh
591,591,The Cottage by Vincent van Gogh,28386,Vincent van Gogh
592,592,The Cottage by Vincent van Gogh,58960,Vincent van Gogh
593,593,The Cottage by Vincent van Gogh,57436,Vincent van Gogh
594,594,The Cottage by Vincent van Gogh,64943,Vincent van Gogh
595,595,The Cottage by Vincent van Gogh,91279,Vincent van Gogh
596,596,The Cottage by Vincent van Gogh,66806,Vincent van Gogh
597,597,The Cottage by Vincent van Gogh,11535,Vincent van Gogh
598,598,The Cottage by Vincent van Gogh,57248,Vincent van Gogh
599,599,The Cottage by Vincent van Gogh,35183,Vincent van Gogh
600,600,The Mulberry Tree by Vincent van Gogh,3317,Vincent van Gogh
601,601,The Mulberry Tree by Vincent van Gogh,12403,Vincent van Gogh
602,602,The Mulberry Tree by Vincent van Gogh,41975,Vincent van Gogh
603,603,The Mulberry Tree by Vincent van Gogh,92939,Vincent van Gogh
604,604,The Mulberry Tree by Vincent van Gogh,57142,Vincent van Gogh
605,605,The Mulberry Tree by Vincent van Gogh,54244,Vincent van Gogh
606,606,The Mulberry Tree by Vincent van Gogh,53485,Vincent van Gogh
607,607,The Mulberry Tree by Vincent van Gogh,16563,Vincent van Gogh
608,608,The Mulberry Tree by Vincent van Gogh,71521,Vincent van Gogh
609,609,The Mulberry Tree by Vincent van Gogh,64854,Vincent van Gogh
610,610,The Mulberry Tree by Vincent van Gogh,93816,Vincent van Gogh
611,611,The Mulberry Tree by Vincent van Gogh,8303,Vincent van Gogh
612,612,The Mulberry Tree by Vincent van Gogh,12220,Vincent van Gogh
613,613,The Mulberry Tree by Vincent van Gogh,35902,Vincent van Gogh
614,614,The Mulberry Tree by Vincent van Gogh,61165,Vincent van Gogh
615,615,The Mulberry Tree by Vincent van Gogh,75481,Vincent van Gogh
616,616,The Mulberry Tree by Vincent van Gogh,74038,Vincent van Gogh
617,617,The Mulberry Tree by Vincent van Gogh,70007,Vincent van Gogh
618,618,The Mulberry Tree by Vincent van Gogh,51607,Vincent van Gogh
619,619,The Mulberry Tree by Vincent van Gogh,42634,Vincent van Gogh
620,620,The Night Café by Vincent van Gogh,32,Vincent van Gogh
621,621,The Night Café by Vincent van Gogh,95816,Vincent van Gogh
622,622,The Night Café by Vincent van Gogh,20450,Vincent van Gogh
623,623,The Night Café by Vincent van Gogh,3399,Vincent van Gogh
624,624,The Night Café by Vincent van Gogh,64927,Vincent van Gogh
625,625,The Night Café by Vincent van Gogh,73390,Vincent van Gogh
626,626,The Night Café by Vincent van Gogh,37370,Vincent van Gogh
627,627,The Night Café by Vincent van Gogh,92307,Vincent van Gogh
628,628,The Night Café by Vincent van Gogh,34541,Vincent van Gogh
629,629,The Night Café by Vincent van Gogh,63205,Vincent van Gogh
630,630,The Night Café by Vincent van Gogh,57484,Vincent van Gogh
631,631,The Night Café by Vincent van Gogh,64432,Vincent van Gogh
632,632,The Night Café by Vincent van Gogh,5063,Vincent van Gogh
633,633,The Night Café by Vincent van Gogh,38596,Vincent van Gogh
634,634,The Night Café by Vincent van Gogh,16290,Vincent van Gogh
635,635,The Night Café by Vincent van Gogh,48983,Vincent van Gogh
636,636,The Night Café by Vincent van Gogh,19213,Vincent van Gogh
637,637,The Night Café by Vincent van Gogh,21109,Vincent van Gogh
638,638,The Night Café by Vincent van Gogh,52122,Vincent van Gogh
639,639,The Night Café by Vincent van Gogh,86413,Vincent van Gogh
640,640,The Old Mill by Vincent van Gogh,3963,Vincent van Gogh
641,641,The Old Mill by Vincent van Gogh,69841,Vincent van Gogh
642,642,The Old Mill by Vincent van Gogh,16664,Vincent van Gogh
643,643,The Old Mill by Vincent van Gogh,78146,Vincent van Gogh
644,644,The Old Mill by Vincent van Gogh,25287,Vincent van Gogh
645,645,The Old Mill by Vincent van Gogh,25170,Vincent van Gogh
646,646,The Old Mill by Vincent van Gogh,2066,Vincent van Gogh
647,647,The Old Mill by Vincent van Gogh,57381,Vincent van Gogh
648,648,The Old Mill by Vincent van Gogh,58379,Vincent van Gogh
649,649,The Old Mill by Vincent van Gogh,77614,Vincent van Gogh
650,650,The Old Mill by Vincent van Gogh,18833,Vincent van Gogh
651,651,The Old Mill by Vincent van Gogh,14974,Vincent van Gogh
652,652,The Old Mill by Vincent van Gogh,25702,Vincent van Gogh
653,653,The Old Mill by Vincent van Gogh,98154,Vincent van Gogh
654,654,The Old Mill by Vincent van Gogh,10707,Vincent van Gogh
655,655,The Old Mill by Vincent van Gogh,57650,Vincent van Gogh
656,656,The Old Mill by Vincent van Gogh,21083,Vincent van Gogh
657,657,The Old Mill by Vincent van Gogh,77214,Vincent van Gogh
658,658,The Old Mill by Vincent van Gogh,82147,Vincent van Gogh
659,659,The Old Mill by Vincent van Gogh,32548,Vincent van Gogh
660,660,The Potato Eaters by Vincent van Gogh,3058,Vincent van Gogh
661,661,The Potato Eaters by Vincent van Gogh,12114,Vincent van Gogh
662,662,The Potato Eaters by Vincent van Gogh,26184,Vincent van Gogh
663,663,The Potato Eaters by Vincent van Gogh,13095,Vincent van Gogh
664,664,The Potato Eaters by Vincent van Gogh,53701,Vincent van Gogh
665,665,The Potato Eaters by Vincent van Gogh,60231,Vincent van Gogh
666,666,The Potato Eaters by Vincent van Gogh,63699,Vincent van Gogh
667,667,The Potato Eaters by Vincent van Gogh,81897,Vincent van Gogh
668,668,The Potato Eaters by Vincent van Gogh,63138,Vincent van Gogh
669,669,The Potato Eaters by Vincent van Gogh,53366,Vincent van Gogh
670,670,The Potato Eaters by Vincent van Gogh,4380,Vincent van Gogh
671,671,The Potato Eaters by Vincent van Gogh,50336,Vincent van Gogh
672,672,The Potato Eaters by Vincent van Gogh,77966,Vincent van Gogh
673,673,The Potato Eaters by Vincent van Gogh,35176,Vincent van Gogh
674,674,The Potato Eaters by Vincent van Gogh,47082,Vincent van Gogh
675,675,The Potato Eaters by Vincent van Gogh,3999,Vincent van Gogh
676,676,The Potato Eaters by Vincent van Gogh,46290,Vincent van Gogh
677,677,The Potato Eaters by Vincent van Gogh,85301,Vincent van Gogh
678,678,The Potato Eaters by Vincent van Gogh,64717,Vincent van Gogh
679,679,The Potato Eaters by Vincent van Gogh,57970,Vincent van Gogh
680,680,The Reaper by Vincent van Gogh,4671,Vincent van Gogh
681,681,The Reaper by Vincent van Gogh,31952,Vincent van Gogh
682,682,The Reaper by Vincent van Gogh,18975,Vincent van Gogh
683,683,The Reaper by Vincent van Gogh,24506,Vincent van Gogh
684,684,The Reaper by Vincent van Gogh,27317,Vincent van Gogh
685,685,The Reaper by Vincent van Gogh,41043,Vincent van Gogh
686,686,The Reaper by Vincent van Gogh,10370,Vincent van Gogh
687,687,The Reaper by Vincent van Gogh,36895,Vincent van Gogh
688,688,The Reaper by Vincent van Gogh,63260,Vincent van Gogh
689,689,The Reaper by Vincent van Gogh,79856,Vincent van Gogh
690,690,The Reaper by Vincent van Gogh,49268,Vincent van Gogh
691,691,The Reaper by Vincent van Gogh,71654,Vincent van Gogh
692,692,The Reaper by Vincent van Gogh,48103,Vincent van Gogh
693,693,The Reaper by Vincent van Gogh,77723,Vincent van Gogh
694,694,The Reaper by Vincent van Gogh,13535,Vincent van Gogh
695,695,The Reaper by Vincent van Gogh,22438,Vincent van Gogh
696,696,The Reaper by Vincent van Gogh,58924,Vincent van Gogh
697,697,The Reaper by Vincent van Gogh,69599,Vincent van Gogh
698,698,The Reaper by Vincent van Gogh,47609,Vincent van Gogh
699,699,The Reaper by Vincent van Gogh,54054,Vincent van Gogh
700,700,The Red Vineyard by Vincent van Gogh,3753,Vincent van Gogh
701,701,The Red Vineyard by Vincent van Gogh,76431,Vincent van Gogh
702,702,The Red Vineyard by Vincent van Gogh,66723,Vincent van Gogh
703,703,The Red Vineyard by Vincent van Gogh,46045,Vincent van Gogh
704,704,The Red Vineyard by Vincent van Gogh,67284,Vincent van Gogh
705,705,The Red Vineyard by Vincent van Gogh,29514,Vincent van Gogh
706,706,The Red Vineyard by Vincent van Gogh,73180,Vincent van Gogh
707,707,The Red Vineyard by Vincent van Gogh,50969,Vincent van Gogh
708,708,The Red Vineyard by Vincent van Gogh,92425,Vincent van Gogh
709,709,The Red Vineyard by Vincent van Gogh,3690,Vincent van Gogh
710,710,The Red Vineyard by Vincent van Gogh,34795,Vincent van Gogh
711,711,The Red Vineyard by Vincent van Gogh,22418,Vincent van Gogh
712,712,The Red Vineyard by Vincent van Gogh,18586,Vincent van Gogh
713,713,The Red Vineyard by Vincent van Gogh,64525,Vincent van Gogh
714,714,The Red Vineyard by Vincent van Gogh,251,Vincent van Gogh
715,715,The Red Vineyard by Vincent van Gogh,35299,Vincent van Gogh
716,716,The Red Vineyard by Vincent van Gogh,64424,Vincent van Gogh
717,717,The Red Vineyard by Vincent van Gogh,90345,Vincent van Gogh
718,718,The Red Vineyard by Vincent van Gogh,69819,Vincent van Gogh
719,719,The Red Vineyard by Vincent van Gogh,43365,Vincent van Gogh
720,720,The Road Menders by Vincent van Gogh,996,Vincent van Gogh
721,721,The Road Menders by Vincent van Gogh,8500,Vincent van Gogh
722,722,The Road Menders by Vincent van Gogh,837,Vincent van Gogh
723,723,The Road Menders by Vincent van Gogh,23805,Vincent van Gogh
724,724,The Road Menders by Vincent van Gogh,58343,Vincent van Gogh
725,725,The Road Menders by Vincent van Gogh,25640,Vincent van Gogh
726,726,The Road Menders by Vincent van Gogh,15389,Vincent van Gogh
727,727,The Road Menders by Vincent van Gogh,78420,Vincent van Gogh
728,728,The Road Menders by Vincent van Gogh,87774,Vincent van Gogh
729,729,The Road Menders by Vincent van Gogh,21831,Vincent van Gogh
730,730,The Road Menders by Vincent van Gogh,73934,Vincent van Gogh
731,731,The Road Menders by Vincent van Gogh,95659,Vincent van Gogh
732,732,The Road Menders by Vincent van Gogh,21028,Vincent van Gogh
733,733,The Road Menders by Vincent van Gogh,91550,Vincent van Gogh
734,734,The Road Menders by Vincent van Gogh,70400,Vincent van Gogh
735,735,The Road Menders by Vincent van Gogh,48482,Vincent van Gogh
736,736,The Road Menders by Vincent van Gogh,58852,Vincent van Gogh
737,737,The Road Menders by Vincent van Gogh,44057,Vincent van Gogh
738,738,The Road Menders by Vincent van Gogh,74030,Vincent van Gogh
739,739,The Road Menders by Vincent van Gogh,89112,Vincent van Gogh
740,740,The Siesta by Vincent van Gogh,3248,Vincent van Gogh
741,741,The Siesta by Vincent van Gogh,78234,Vincent van Gogh
742,742,The Siesta by Vincent van Gogh,254,Vincent van Gogh
743,743,The Siesta by Vincent van Gogh,88037,Vincent van Gogh
744,744,The Siesta by Vincent van Gogh,2633,Vincent van Gogh
745,745,The Siesta by Vincent van Gogh,64462,Vincent van Gogh
746,746,The Siesta by Vincent van Gogh,48355,Vincent van Gogh
747,747,The Siesta by Vincent van Gogh,87661,Vincent van Gogh
748,748,The Siesta by Vincent van Gogh,3563,Vincent van Gogh
749,749,The Siesta by Vincent van Gogh,43807,Vincent van Gogh
750,750,The Siesta by Vincent van Gogh,1294,Vincent van Gogh
751,751,The Siesta by Vincent van Gogh,37024,Vincent van Gogh
752,752,The Siesta by Vincent van Gogh,86154,Vincent van Gogh
753,753,The Siesta by Vincent van Gogh,92313,Vincent van Gogh
754,754,The Siesta by Vincent van Gogh,22168,Vincent van Gogh
755,755,The Siesta by Vincent van Gogh,65616,Vincent van Gogh
756,756,The Siesta by Vincent van Gogh,371,Vincent van Gogh
757,757,The Siesta by Vincent van Gogh,16988,Vincent van Gogh
758,758,The Siesta by Vincent van Gogh,83859,Vincent van Gogh
759,759,The Siesta by Vincent van Gogh,7246,Vincent van Gogh
760,760,The Starry Night Over the Rhône by Vincent van Gogh,288,Vincent van Gogh
761,761,The Starry Night Over the Rhône by Vincent van Gogh,86268,Vincent van Gogh
762,762,The Starry Night Over the Rhône by Vincent van Gogh,26046,Vincent van Gogh
763,763,The Starry Night Over the Rhône by Vincent van Gogh,70590,Vincent van Gogh
764,764,The Starry Night Over the Rhône by Vincent van Gogh,82054,Vincent van Gogh
765,765,The Starry Night Over the Rhône by Vincent van Gogh,53752,Vincent van Gogh
766,766,The Starry Night Over the Rhône by Vincent van Gogh,3549,Vincent van Gogh
767,767,The Starry Night Over the Rhône by Vincent van Gogh,17532,Vincent van Gogh
768,768,The Starry Night Over the Rhône by Vincent van Gogh,37735,Vincent van Gogh
769,769,The Starry Night Over the Rhône by Vincent van Gogh,49043,Vincent van Gogh
770,770,The Starry Night Over the Rhône by Vincent van Gogh,33784,Vincent van Gogh
771,771,The Starry Night Over the Rhône by Vincent van Gogh,18275,Vincent van Gogh
772,772,The Starry Night Over the Rhône by Vincent van Gogh,56705,Vincent van Gogh
773,773,The Starry Night Over the Rhône by Vincent van Gogh,19602,Vincent van Gogh
774,774,The Starry Night Over the Rhône by Vincent van Gogh,81593,Vincent van Gogh
775,775,The Starry Night Over the Rhône by Vincent van Gogh,24360,Vincent van Gogh
776,776,The Starry Night Over the Rhône by Vincent van Gogh,42262,Vincent van Gogh
777,777,The Starry Night Over the Rhône by Vincent van Gogh,63182,Vincent van Gogh
778,778,The Starry Night Over the Rhône by Vincent van Gogh,26178,Vincent van Gogh
779,779,The Starry Night Over the Rhône by Vincent van Gogh,86815,Vincent van Gogh
780,780,The Starry Night by Vincent van Gogh,3629,Vincent van Gogh
781,781,The Starry Night by Vincent van Gogh,78682,Vincent van Gogh
782,782,The Starry Night by Vincent van Gogh,32109,Vincent van Gogh
783,783,The Starry Night by Vincent van Gogh,46443,Vincent van Gogh
784,784,The Starry Night by Vincent van Gogh,37618,Vincent van Gogh
785,785,The Starry Night by Vincent van Gogh,25366,Vincent van Gogh
786,786,The Starry Night by Vincent van Gogh,83687,Vincent van Gogh
787,787,The Starry Night by Vincent van Gogh,44458,Vincent van Gogh
788,788,The Starry Night by Vincent van Gogh,2296,Vincent van Gogh
789,789,The Starry Night by Vincent van Gogh,82510,Vincent van Gogh
790,790,The Starry Night by Vincent van Gogh,11152,Vincent van Gogh
791,791,The Starry Night by Vincent van Gogh,87869,Vincent van Gogh
792,792,The Starry Night by Vincent van Gogh,20125,Vincent van Gogh
793,793,The Starry Night by Vincent van Gogh,30472,Vincent van Gogh
794,794,The Starry Night by Vincent van Gogh,24506,Vincent van Gogh
795,795,The Starry Night by Vincent van Gogh,25007,Vincent van Gogh
796,796,The Starry Night by Vincent van Gogh,56915,Vincent van Gogh
797,797,The Starry Night by Vincent van Gogh,17714,Vincent van Gogh
798,798,The Starry Night by Vincent van Gogh,45773,Vincent van Gogh
799,799,The Starry Night by Vincent van Gogh,42659,Vincent van Gogh
800,800,The Weaver by Vincent van Gogh,1726,Vincent van Gogh
801,801,The Weaver by Vincent van Gogh,68036,Vincent van Gogh
802,802,The Weaver by Vincent van Gogh,66358,Vincent van Gogh
803,803,The Weaver by Vincent van Gogh,5526,Vincent van Gogh
804,804,The Weaver by Vincent van Gogh,36144,Vincent van Gogh
805,805,The Weaver by Vincent van Gogh,12071,Vincent van Gogh
806,806,The Weaver by Vincent van Gogh,78316,Vincent van Gogh
807,807,The Weaver by Vincent van Gogh,19130,Vincent van Gogh
808,808,The Weaver by Vincent van Gogh,90397,Vincent van Gogh
809,809,The Weaver by Vincent van Gogh,93919,Vincent van Gogh
810,810,The Weaver by Vincent van Gogh,78476,Vincent van Gogh
811,811,The Weaver by Vincent van Gogh,57559,Vincent van Gogh
812,812,The Weaver by Vincent van Gogh,76417,Vincent van Gogh
813,813,The Weaver by Vincent van Gogh,55528,Vincent van Gogh
814,814,The Weaver by Vincent van Gogh,79766,Vincent van Gogh
815,815,The Weaver by Vincent van Gogh,44055,Vincent van Gogh
816,816,The Weaver by Vincent van Gogh,43486,Vincent van Gogh
817,817,The Weaver by Vincent van Gogh,59051,Vincent van Gogh
818,818,The Weaver by Vincent van Gogh,83741,Vincent van Gogh
819,819,The Weaver by Vincent van Gogh,64425,Vincent van Gogh
820,820,The White Orchard by Vincent van Gogh,2733,Vincent van Gogh
821,821,The White Orchard by Vincent van Gogh,76446,Vincent van Gogh
822,822,The White Orchard by Vincent van Gogh,10159,Vincent van Gogh
823,823,The White Orchard by Vincent van Gogh,68511,Vincent van Gogh
824,824,The White Orchard by Vincent van Gogh,1374,Vincent van Gogh
825,825,The White Orchard by Vincent van Gogh,78421,Vincent van Gogh
826,826,The White Orchard by Vincent van Gogh,60310,Vincent van Gogh
827,827,The White Orchard by Vincent van Gogh,87331,Vincent van Gogh
828,828,The White Orchard by Vincent van Gogh,59311,Vincent van Gogh
829,829,The White Orchard by Vincent van Gogh,92363,Vincent van Gogh
830,830,The White Orchard by Vincent van Gogh,45163,Vincent van Gogh
831,831,The White Orchard by Vincent van Gogh,35199,Vincent van Gogh
832,832,The White Orchard by Vincent van Gogh,42451,Vincent van Gogh
833,833,The White Orchard by Vincent van Gogh,58106,Vincent van Gogh
834,834,The White Orchard by Vincent van Gogh,668,Vincent van Gogh
835,835,The White Orchard by Vincent van Gogh,5725,Vincent van Gogh
836,836,The White Orchard by Vincent van Gogh,91518,Vincent van Gogh
837,837,The White Orchard by Vincent van Gogh,99829,Vincent van Gogh
838,838,The White Orchard by Vincent van Gogh,96347,Vincent van Gogh
839,839,The White Orchard by Vincent van Gogh,80404,Vincent van Gogh
840,840,The Yellow House by Vincent van Gogh,3249,Vincent van Gogh
841,841,The Yellow House by Vincent van Gogh,10176,Vincent van Gogh
842,842,The Yellow House by Vincent van Gogh,27420,Vincent van Gogh
843,843,The Yellow House by Vincent van Gogh,13452,Vincent van Gogh
844,844,The Yellow House by Vincent van Gogh,37757,Vincent van Gogh
845,845,The Yellow House by Vincent van Gogh,7520,Vincent van Gogh
846,846,The Yellow House by Vincent van Gogh,10685,Vincent van Gogh
847,847,The Yellow House by Vincent van Gogh,2790,Vincent van Gogh
848,848,The Yellow House by Vincent van Gogh,39319,Vincent van Gogh
849,849,The Yellow House by Vincent van Gogh,75369,Vincent van Gogh
850,850,The Yellow House by Vincent van Gogh,24145,Vincent van Gogh
851,851,The Yellow House by Vincent van Gogh,39309,Vincent van Gogh
852,852,The Yellow House by Vincent van Gogh,82111,Vincent van Gogh
853,853,The Yellow House by Vincent van Gogh,34739,Vincent van Gogh
854,854,The Yellow House by Vincent van Gogh,68779,Vincent van Gogh
855,855,The Yellow House by Vincent van Gogh,54917,Vincent van Gogh
856,856,The Yellow House by Vincent van Gogh,65982,Vincent van Gogh
857,857,The Yellow House by Vincent van Gogh,61070,Vincent van Gogh
858,858,The Yellow House by Vincent van Gogh,6095,Vincent van Gogh
859,859,The Yellow House by Vincent van Gogh,56510,Vincent van Gogh
860,860,The Zouave by Vincent van Gogh,3755,Vincent van Gogh
861,861,The Zouave by Vincent van Gogh,62884,Vincent van Gogh
862,862,The Zouave by Vincent van Gogh,29896,Vincent van Gogh
863,863,The Zouave by Vincent van Gogh,67918,Vincent van Gogh
864,864,The Zouave by Vincent van Gogh,52696,Vincent van Gogh
865,865,The Zouave by Vincent van Gogh,15482,Vincent van Gogh
866,866,The Zouave by Vincent van Gogh,95673,Vincent van Gogh
867,867,The Zouave by Vincent van Gogh,17063,Vincent van Gogh
868,868,The Zouave by Vincent van Gogh,54452,Vincent van Gogh
869,869,The Zouave by Vincent van Gogh,90013,Vincent van Gogh
870,870,The Zouave by Vincent van Gogh,50968,Vincent van Gogh
871,871,The Zouave by Vincent van Gogh,93159,Vincent van Gogh
872,872,The Zouave by Vincent van Gogh,7473,Vincent van Gogh
873,873,The Zouave by Vincent van Gogh,61791,Vincent van Gogh
874,874,The Zouave by Vincent van Gogh,87380,Vincent van Gogh
875,875,The Zouave by Vincent van Gogh,97087,Vincent van Gogh
876,876,The Zouave by Vincent van Gogh,43632,Vincent van Gogh
877,877,The Zouave by Vincent van Gogh,46799,Vincent van Gogh
878,878,The Zouave by Vincent van Gogh,89773,Vincent van Gogh
879,879,The Zouave by Vincent van Gogh,34383,Vincent van Gogh
880,880,Two Cut Sunflowers by Vincent van Gogh,1257,Vincent van Gogh
881,881,Two Cut Sunflowers by Vincent van Gogh,98648,Vincent van Gogh
882,882,Two Cut Sunflowers by Vincent van Gogh,96391,Vincent van Gogh
883,883,Two Cut Sunflowers by Vincent van Gogh,35514,Vincent van Gogh
884,884,Two Cut Sunflowers by Vincent van Gogh,21846,Vincent van Gogh
885,885,Two Cut Sunflowers by Vincent van Gogh,20507,Vincent van Gogh
886,886,Two Cut Sunflowers by Vincent van Gogh,28802,Vincent van Gogh
887,887,Two Cut Sunflowers by Vincent van Gogh,31276,Vincent van Gogh
888,888,Two Cut Sunflowers by Vincent van Gogh,17707,Vincent van Gogh
889,889,Two Cut Sunflowers by Vincent van Gogh,64035,Vincent van Gogh
890,890,Two Cut Sunflowers by Vincent van Gogh,35147,Vincent van Gogh
891,891,Two Cut Sunflowers by Vincent van Gogh,6630,Vincent van Gogh
892,892,Two Cut Sunflowers by Vincent van Gogh,2420,Vincent van Gogh
893,893,Two Cut Sunflowers by Vincent van Gogh,19855,Vincent van Gogh
894,894,Two Cut Sunflowers by Vincent van Gogh,367,Vincent van Gogh
895,895,Two Cut Sunflowers by Vincent van Gogh,3240,Vincent van Gogh
896,896,Two Cut Sunflowers by Vincent van Gogh,60650,Vincent van Gogh
897,897,Two Cut Sunflowers by Vincent van Gogh,77793,Vincent van Gogh
898,898,Two Cut Sunflowers by Vincent van Gogh,22209,Vincent van Gogh
899,899,Two Cut Sunflowers by Vincent van Gogh,8277,Vincent van Gogh
900,900,Vase with Fifteen Sunflowers by Vincent van Gogh,3205,Vincent van Gogh
901,901,Vase with Fifteen Sunflowers by Vincent van Gogh,31994,Vincent van Gogh
902,902,Vase with Fifteen Sunflowers by Vincent van Gogh,68054,Vincent van Gogh
903,903,Vase with Fifteen Sunflowers by Vincent van Gogh,27815,Vincent van Gogh
904,904,Vase with Fifteen Sunflowers by Vincent van Gogh,64095,Vincent van Gogh
905,905,Vase with Fifteen Sunflowers by Vincent van Gogh,49297,Vincent van Gogh
906,906,Vase with Fifteen Sunflowers by Vincent van Gogh,54142,Vincent van Gogh
907,907,Vase with Fifteen Sunflowers by Vincent van Gogh,87751,Vincent van Gogh
908,908,Vase with Fifteen Sunflowers by Vincent van Gogh,27805,Vincent van Gogh
909,909,Vase with Fifteen Sunflowers by Vincent van Gogh,33586,Vincent van Gogh
910,910,Vase with Fifteen Sunflowers by Vincent van Gogh,29203,Vincent van Gogh
911,911,Vase with Fifteen Sunflowers by Vincent van Gogh,66574,Vincent van Gogh
912,912,Vase with Fifteen Sunflowers by Vincent van Gogh,45911,Vincent van Gogh
913,913,Vase with Fifteen Sunflowers by Vincent van Gogh,3611,Vincent van Gogh
914,914,Vase with Fifteen Sunflowers by Vincent van Gogh,2779,Vincent van Gogh
915,915,Vase with Fifteen Sunflowers by Vincent van Gogh,4689,Vincent van Gogh
916,916,Vase with Fifteen Sunflowers by Vincent van Gogh,61515,Vincent van Gogh
917,917,Vase with Fifteen Sunflowers by Vincent van Gogh,74256,Vincent van Gogh
918,918,Vase with Fifteen Sunflowers by Vincent van Gogh,54336,Vincent van Gogh
919,919,Vase with Fifteen Sunflowers by Vincent van Gogh,91405,Vincent van Gogh
920,920,Vase with Twelve Sunflowers by Vincent van Gogh,2475,Vincent van Gogh
921,921,Vase with Twelve Sunflowers by Vincent van Gogh,89582,Vincent van Gogh
922,922,Vase with Twelve Sunflowers by Vincent van Gogh,21559,Vincent van Gogh
923,923,Vase with Twelve Sunflowers by Vincent van Gogh,22383,Vincent van Gogh
924,924,Vase with Twelve Sunflowers by Vincent van Gogh,30090,Vincent van Gogh
925,925,Vase with Twelve Sunflowers by Vincent van Gogh,88200,Vincent van Gogh
926,926,Vase with Twelve Sunflowers by Vincent van Gogh,1003,Vincent van Gogh
927,927,Vase with Twelve Sunflowers by Vincent van Gogh,56830,Vincent van Gogh
928,928,Vase with Twelve Sunflowers by Vincent van Gogh,92243,Vincent van Gogh
929,929,Vase with Twelve Sunflowers by Vincent van Gogh,18620,Vincent van Gogh
930,930,Vase with Twelve Sunflowers by Vincent van Gogh,34588,Vincent van Gogh
931,931,Vase with Twelve Sunflowers by Vincent van Gogh,70241,Vincent van Gogh
932,932,Vase with Twelve Sunflowers by Vincent van Gogh,96712,Vincent van Gogh
933,933,Vase with Twelve Sunflowers by Vincent van Gogh,92484,Vincent van Gogh
934,934,Vase with Twelve Sunflowers by Vincent van Gogh,50768,Vincent van Gogh
935,935,Vase with Twelve Sunflowers by Vincent van Gogh,51413,Vincent van Gogh
936,936,Vase with Twelve Sunflowers by Vincent van Gogh,43298,Vincent van Gogh
937,937,Vase with Twelve Sunflowers by Vincent van Gogh,76733,Vincent van Gogh
938,938,Vase with Twelve Sunflowers by Vincent van Gogh,29151,Vincent van Gogh
939,939,Vase with Twelve Sunflowers by Vincent van Gogh,62307,Vincent van Gogh
940,940,Vincent's Chair by Vincent van Gogh,1791,Vincent van Gogh
941,941,Vincent's Chair by Vincent van Gogh,29938,Vincent van Gogh
942,942,Vincent's Chair by Vincent van Gogh,48434,Vincent van Gogh
943,943,Vincent's Chair by Vincent van Gogh,97478,Vincent van Gogh
944,944,Vincent's Chair by Vincent van Gogh,73926,Vincent van Gogh
945,945,Vincent's Chair by Vincent van Gogh,23577,Vincent van Gogh
946,946,Vincent's Chair by Vincent van Gogh,47243,Vincent van Gogh
947,947,Vincent's Chair by Vincent van Gogh,83357,Vincent van Gogh
948,948,Vincent's Chair by Vincent van Gogh,77574,Vincent van Gogh
949,949,Vincent's Chair by Vincent van Gogh,17050,Vincent van Gogh
950,950,Vincent's Chair by Vincent van Gogh,77818,Vincent van Gogh
951,951,Vincent's Chair by Vincent van Gogh,48660,Vincent van Gogh
952,952,Vincent's Chair by Vincent van Gogh,96898,Vincent van Gogh
953,953,Vincent's Chair by Vincent van Gogh,33448,Vincent van Gogh
954,954,Vincent's Chair by Vincent van Gogh,77100,Vincent van Gogh
955,955,Vincent's Chair by Vincent van Gogh,72248,Vincent van Gogh
956,956,Vincent's Chair by Vincent van Gogh,6567,Vincent van Gogh
957,957,Vincent's Chair by Vincent van Gogh,85063,Vincent van Gogh
958,958,Vincent's Chair by Vincent van Gogh,62327,Vincent van Gogh
959,959,Vincent's Chair by Vincent van Gogh,1490,Vincent van Gogh
960,960,Wheat Field with Reaper and Sun by Vincent van Gogh,4865,Vincent van Gogh
961,961,Wheat Field with Reaper and Sun by Vincent van Gogh,45510,Vincent van Gogh
962,962,Wheat Field with Reaper and Sun by Vincent van Gogh,33757,Vincent van Gogh
963,963,Wheat Field with Reaper and Sun by Vincent van Gogh,67361,Vincent van Gogh
964,964,Wheat Field with Reaper and Sun by Vincent van Gogh,48620,Vincent van Gogh
965,965,Wheat Field with Reaper and Sun by Vincent van Gogh,6169,Vincent van Gogh
966,966,Wheat Field with Reaper and Sun by Vincent van Gogh,6919,Vincent van Gogh
967,967,Wheat Field with Reaper and Sun by Vincent van Gogh,17589,Vincent van Gogh
968,968,Wheat Field with Reaper and Sun by Vincent van Gogh,67115,Vincent van Gogh
969,969,Wheat Field with Reaper and Sun by Vincent van Gogh,89895,Vincent van Gogh
970,970,Wheat Field with Reaper and Sun by Vincent van Gogh,75870,Vincent van Gogh
971,971,Wheat Field with Reaper and Sun by Vincent van Gogh,7799,Vincent van Gogh
972,972,Wheat Field with Reaper and Sun by Vincent van Gogh,88636,Vincent van Gogh
973,973,Wheat Field with Reaper and Sun by Vincent van Gogh,63587,Vincent van Gogh
974,974,Wheat Field with Reaper and Sun by Vincent van Gogh,14085,Vincent van Gogh
975,975,Wheat Field with Reaper and Sun by Vincent van Gogh,30072,Vincent van Gogh
976,976,Wheat Field with Reaper and Sun by Vincent van Gogh,98671,Vincent van Gogh
977,977,Wheat Field with Reaper and Sun by Vincent van Gogh,95266,Vincent van Gogh
978,978,Wheat Field with Reaper and Sun by Vincent van Gogh,77405,Vincent van Gogh
979,979,Wheat Field with Reaper and Sun by Vincent van Gogh,7696,Vincent van Gogh
980,980,Wheatfield with Crows by Vincent van Gogh,1863,Vincent van Gogh
981,981,Wheatfield with Crows by Vincent van Gogh,47914,Vincent van Gogh
982,982,Wheatfield with Crows by Vincent van Gogh,2206,Vincent van Gogh
983,983,Wheatfield with Crows by Vincent van Gogh,14405,Vincent van Gogh
984,984,Wheatfield with Crows by Vincent van Gogh,58418,Vincent van Gogh
985,985,Wheatfield with Crows by Vincent van Gogh,45140,Vincent van Gogh
986,986,Wheatfield with Crows by Vincent van Gogh,13312,Vincent van Gogh
987,987,Wheatfield with Crows by Vincent van Gogh,22546,Vincent van Gogh
988,988,Wheatfield with Crows by Vincent van Gogh,73681,Vincent van Gogh
989,989,Wheatfield with Crows by Vincent van Gogh,41590,Vincent van Gogh
990,990,Wheatfield with Crows by Vincent van Gogh,15934,Vincent van Gogh
991,991,Wheatfield with Crows by Vincent van Gogh,60561,Vincent van Gogh
992,992,Wheatfield with Crows by Vincent van Gogh,66364,Vincent van Gogh
993,993,Wheatfield with Crows by Vincent van Gogh,37765,Vincent van Gogh
994,994,Wheatfield with Crows by Vincent van Gogh,31187,Vincent van Gogh
995,995,Wheatfield with Crows by Vincent van Gogh,76514,Vincent van Gogh
996,996,Wheatfield with Crows by Vincent van Gogh,2519,Vincent van Gogh
997,997,Wheatfield with Crows by Vincent van Gogh,6200,Vincent van Gogh
998,998,Wheatfield with Crows by Vincent van Gogh,35875,Vincent van Gogh
999,999,Wheatfield with Crows by Vincent van Gogh,29166,Vincent van Gogh
