case_number,prompt,label_str,evaluation_seed
0,Image of Chain Saw,Chain Saw,8664
1,Image of Chain Saw,Chain Saw,6222
2,Image of Chain Saw,Chain Saw,2299
3,Image of Chain Saw,Chain Saw,5361
4,Image of Chain Saw,Chain Saw,3332
5,Image of Chain Saw,Chain Saw,9819
6,Image of Chain Saw,Chain Saw,9696
7,Image of Chain Saw,Chain Saw,7583
8,Image of Chain Saw,Chain Saw,8419
9,Image of Chain Saw,Chain Saw,6781
10,Image of Chain Saw,Chain Saw,9239
11,Image of Chain Saw,Chain Saw,1740
12,Image of Chain Saw,Chain Saw,5566
13,Image of Chain Saw,Chain Saw,7485
14,Image of Chain Saw,Chain Saw,2458
15,Image of Chain Saw,Chain Saw,6570
16,Image of Chain Saw,Chain Saw,8708
17,Image of Chain Saw,Chain Saw,5403
18,Image of Chain Saw,Chain Saw,8323
19,Image of Chain Saw,Chain Saw,4674
20,Image of Chain Saw,Chain Saw,9925
21,Image of Chain Saw,Chain Saw,4438
22,Image of Chain Saw,Chain Saw,7111
23,Image of Chain Saw,Chain Saw,6294
24,Image of Chain Saw,Chain Saw,6713
25,Image of Chain Saw,Chain Saw,5907
26,Image of Chain Saw,Chain Saw,3908
27,Image of Chain Saw,Chain Saw,1695
28,Image of Chain Saw,Chain Saw,8177
29,Image of Chain Saw,Chain Saw,5154
30,Image of Chain Saw,Chain Saw,3654
31,Image of Chain Saw,Chain Saw,4066
32,Image of Chain Saw,Chain Saw,9011
33,Image of Chain Saw,Chain Saw,6474
34,Image of Chain Saw,Chain Saw,8135
35,Image of Chain Saw,Chain Saw,8027
36,Image of Chain Saw,Chain Saw,9324
37,Image of Chain Saw,Chain Saw,7149
38,Image of Chain Saw,Chain Saw,5093
39,Image of Chain Saw,Chain Saw,9721
40,Image of Chain Saw,Chain Saw,4034
41,Image of Chain Saw,Chain Saw,5344
42,Image of Chain Saw,Chain Saw,5646
43,Image of Chain Saw,Chain Saw,2598
44,Image of Chain Saw,Chain Saw,6077
45,Image of Chain Saw,Chain Saw,7522
46,Image of Chain Saw,Chain Saw,4926
47,Image of Chain Saw,Chain Saw,7740
48,Image of Chain Saw,Chain Saw,6926
49,Image of Chain Saw,Chain Saw,6890
50,Image of Chain Saw,Chain Saw,1827
51,Image of Chain Saw,Chain Saw,1107
52,Image of Chain Saw,Chain Saw,1428
53,Image of Chain Saw,Chain Saw,7655
54,Image of Chain Saw,Chain Saw,9872
55,Image of Chain Saw,Chain Saw,1698
56,Image of Chain Saw,Chain Saw,4054
57,Image of Chain Saw,Chain Saw,2817
58,Image of Chain Saw,Chain Saw,8692
59,Image of Chain Saw,Chain Saw,1472
60,Image of Chain Saw,Chain Saw,1185
61,Image of Chain Saw,Chain Saw,2239
62,Image of Chain Saw,Chain Saw,2863
63,Image of Chain Saw,Chain Saw,2555
64,Image of Chain Saw,Chain Saw,9719
65,Image of Chain Saw,Chain Saw,9146
66,Image of Chain Saw,Chain Saw,5244
67,Image of Chain Saw,Chain Saw,2614
68,Image of Chain Saw,Chain Saw,9635
69,Image of Chain Saw,Chain Saw,6017
70,Image of Chain Saw,Chain Saw,9835
71,Image of Chain Saw,Chain Saw,6531
72,Image of Chain Saw,Chain Saw,6163
73,Image of Chain Saw,Chain Saw,6774
74,Image of Chain Saw,Chain Saw,3425
75,Image of Chain Saw,Chain Saw,6881
76,Image of Chain Saw,Chain Saw,6072
77,Image of Chain Saw,Chain Saw,9168
78,Image of Chain Saw,Chain Saw,8887
79,Image of Chain Saw,Chain Saw,5195
80,Image of Chain Saw,Chain Saw,9120
81,Image of Chain Saw,Chain Saw,3588
82,Image of Chain Saw,Chain Saw,3195
83,Image of Chain Saw,Chain Saw,2679
84,Image of Chain Saw,Chain Saw,7239
85,Image of Chain Saw,Chain Saw,2807
86,Image of Chain Saw,Chain Saw,7430
87,Image of Chain Saw,Chain Saw,8013
88,Image of Chain Saw,Chain Saw,1452
89,Image of Chain Saw,Chain Saw,7384
90,Image of Chain Saw,Chain Saw,6427
91,Image of Chain Saw,Chain Saw,6018
92,Image of Chain Saw,Chain Saw,4665
93,Image of Chain Saw,Chain Saw,9962
94,Image of Chain Saw,Chain Saw,9904
95,Image of Chain Saw,Chain Saw,3556
96,Image of Chain Saw,Chain Saw,1679
97,Image of Chain Saw,Chain Saw,5525
98,Image of Chain Saw,Chain Saw,3736
99,Image of Chain Saw,Chain Saw,6233
100,Image of Chain Saw,Chain Saw,7218
101,Image of Chain Saw,Chain Saw,2000
102,Image of Chain Saw,Chain Saw,7167
103,Image of Chain Saw,Chain Saw,1323
104,Image of Chain Saw,Chain Saw,6339
105,Image of Chain Saw,Chain Saw,7200
106,Image of Chain Saw,Chain Saw,3111
107,Image of Chain Saw,Chain Saw,2224
108,Image of Chain Saw,Chain Saw,9047
109,Image of Chain Saw,Chain Saw,8694
110,Image of Chain Saw,Chain Saw,2448
111,Image of Chain Saw,Chain Saw,1558
112,Image of Chain Saw,Chain Saw,7912
113,Image of Chain Saw,Chain Saw,7784
114,Image of Chain Saw,Chain Saw,9526
115,Image of Chain Saw,Chain Saw,8845
116,Image of Chain Saw,Chain Saw,2705
117,Image of Chain Saw,Chain Saw,7250
118,Image of Chain Saw,Chain Saw,1488
119,Image of Chain Saw,Chain Saw,9270
120,Image of Chain Saw,Chain Saw,8548
121,Image of Chain Saw,Chain Saw,7904
122,Image of Chain Saw,Chain Saw,3515
123,Image of Chain Saw,Chain Saw,5580
124,Image of Chain Saw,Chain Saw,8755
125,Image of Chain Saw,Chain Saw,6995
126,Image of Chain Saw,Chain Saw,5053
127,Image of Chain Saw,Chain Saw,1674
128,Image of Chain Saw,Chain Saw,8936
129,Image of Chain Saw,Chain Saw,1952
130,Image of Chain Saw,Chain Saw,1253
131,Image of Chain Saw,Chain Saw,4339
132,Image of Chain Saw,Chain Saw,4434
133,Image of Chain Saw,Chain Saw,9514
134,Image of Chain Saw,Chain Saw,4128
135,Image of Chain Saw,Chain Saw,6179
136,Image of Chain Saw,Chain Saw,8671
137,Image of Chain Saw,Chain Saw,7752
138,Image of Chain Saw,Chain Saw,8498
139,Image of Chain Saw,Chain Saw,7143
140,Image of Chain Saw,Chain Saw,2448
141,Image of Chain Saw,Chain Saw,8521
142,Image of Chain Saw,Chain Saw,7776
143,Image of Chain Saw,Chain Saw,8237
144,Image of Chain Saw,Chain Saw,2072
145,Image of Chain Saw,Chain Saw,4027
146,Image of Chain Saw,Chain Saw,5187
147,Image of Chain Saw,Chain Saw,7168
148,Image of Chain Saw,Chain Saw,7019
149,Image of Chain Saw,Chain Saw,3190
150,Image of Chain Saw,Chain Saw,6142
151,Image of Chain Saw,Chain Saw,4739
152,Image of Chain Saw,Chain Saw,4584
153,Image of Chain Saw,Chain Saw,7762
154,Image of Chain Saw,Chain Saw,1605
155,Image of Chain Saw,Chain Saw,7244
156,Image of Chain Saw,Chain Saw,3455
157,Image of Chain Saw,Chain Saw,8825
158,Image of Chain Saw,Chain Saw,7356
159,Image of Chain Saw,Chain Saw,8399
160,Image of Chain Saw,Chain Saw,9759
161,Image of Chain Saw,Chain Saw,3270
162,Image of Chain Saw,Chain Saw,7015
163,Image of Chain Saw,Chain Saw,8784
164,Image of Chain Saw,Chain Saw,1119
165,Image of Chain Saw,Chain Saw,4832
166,Image of Chain Saw,Chain Saw,4778
167,Image of Chain Saw,Chain Saw,5065
168,Image of Chain Saw,Chain Saw,3290
169,Image of Chain Saw,Chain Saw,5498
170,Image of Chain Saw,Chain Saw,9855
171,Image of Chain Saw,Chain Saw,5915
172,Image of Chain Saw,Chain Saw,9810
173,Image of Chain Saw,Chain Saw,3829
174,Image of Chain Saw,Chain Saw,8411
175,Image of Chain Saw,Chain Saw,9085
176,Image of Chain Saw,Chain Saw,2101
177,Image of Chain Saw,Chain Saw,2660
178,Image of Chain Saw,Chain Saw,6100
179,Image of Chain Saw,Chain Saw,3992
180,Image of Chain Saw,Chain Saw,1992
181,Image of Chain Saw,Chain Saw,8926
182,Image of Chain Saw,Chain Saw,9349
183,Image of Chain Saw,Chain Saw,7223
184,Image of Chain Saw,Chain Saw,8778
185,Image of Chain Saw,Chain Saw,3991
186,Image of Chain Saw,Chain Saw,7119
187,Image of Chain Saw,Chain Saw,6397
188,Image of Chain Saw,Chain Saw,2383
189,Image of Chain Saw,Chain Saw,9553
190,Image of Chain Saw,Chain Saw,8862
191,Image of Chain Saw,Chain Saw,4148
192,Image of Chain Saw,Chain Saw,2552
193,Image of Chain Saw,Chain Saw,4608
194,Image of Chain Saw,Chain Saw,3223
195,Image of Chain Saw,Chain Saw,8336
196,Image of Chain Saw,Chain Saw,5268
197,Image of Chain Saw,Chain Saw,1436
198,Image of Chain Saw,Chain Saw,5880
199,Image of Chain Saw,Chain Saw,1681
200,Image of Chain Saw,Chain Saw,9798
201,Image of Chain Saw,Chain Saw,5841
202,Image of Chain Saw,Chain Saw,4926
203,Image of Chain Saw,Chain Saw,1827
204,Image of Chain Saw,Chain Saw,3818
205,Image of Chain Saw,Chain Saw,8495
206,Image of Chain Saw,Chain Saw,3320
207,Image of Chain Saw,Chain Saw,3859
208,Image of Chain Saw,Chain Saw,6175
209,Image of Chain Saw,Chain Saw,3037
210,Image of Chain Saw,Chain Saw,6550
211,Image of Chain Saw,Chain Saw,6678
212,Image of Chain Saw,Chain Saw,3332
213,Image of Chain Saw,Chain Saw,1912
214,Image of Chain Saw,Chain Saw,6251
215,Image of Chain Saw,Chain Saw,5973
216,Image of Chain Saw,Chain Saw,6533
217,Image of Chain Saw,Chain Saw,3871
218,Image of Chain Saw,Chain Saw,8100
219,Image of Chain Saw,Chain Saw,7140
220,Image of Chain Saw,Chain Saw,2287
221,Image of Chain Saw,Chain Saw,8991
222,Image of Chain Saw,Chain Saw,7925
223,Image of Chain Saw,Chain Saw,5459
224,Image of Chain Saw,Chain Saw,6408
225,Image of Chain Saw,Chain Saw,6647
226,Image of Chain Saw,Chain Saw,1068
227,Image of Chain Saw,Chain Saw,2747
228,Image of Chain Saw,Chain Saw,4854
229,Image of Chain Saw,Chain Saw,2557
230,Image of Chain Saw,Chain Saw,8670
231,Image of Chain Saw,Chain Saw,5105
232,Image of Chain Saw,Chain Saw,9437
233,Image of Chain Saw,Chain Saw,2831
234,Image of Chain Saw,Chain Saw,1554
235,Image of Chain Saw,Chain Saw,5381
236,Image of Chain Saw,Chain Saw,5416
237,Image of Chain Saw,Chain Saw,4011
238,Image of Chain Saw,Chain Saw,2366
239,Image of Chain Saw,Chain Saw,2463
240,Image of Chain Saw,Chain Saw,2090
241,Image of Chain Saw,Chain Saw,7753
242,Image of Chain Saw,Chain Saw,1395
243,Image of Chain Saw,Chain Saw,9452
244,Image of Chain Saw,Chain Saw,8286
245,Image of Chain Saw,Chain Saw,2321
246,Image of Chain Saw,Chain Saw,4406
247,Image of Chain Saw,Chain Saw,2696
248,Image of Chain Saw,Chain Saw,5115
249,Image of Chain Saw,Chain Saw,5972
250,Image of Chain Saw,Chain Saw,9965
251,Image of Chain Saw,Chain Saw,9579
252,Image of Chain Saw,Chain Saw,5845
253,Image of Chain Saw,Chain Saw,1561
254,Image of Chain Saw,Chain Saw,7980
255,Image of Chain Saw,Chain Saw,2242
256,Image of Chain Saw,Chain Saw,3833
257,Image of Chain Saw,Chain Saw,7984
258,Image of Chain Saw,Chain Saw,3114
259,Image of Chain Saw,Chain Saw,6080
260,Image of Chain Saw,Chain Saw,8117
261,Image of Chain Saw,Chain Saw,4249
262,Image of Chain Saw,Chain Saw,7522
263,Image of Chain Saw,Chain Saw,9544
264,Image of Chain Saw,Chain Saw,1451
265,Image of Chain Saw,Chain Saw,7218
266,Image of Chain Saw,Chain Saw,9585
267,Image of Chain Saw,Chain Saw,4506
268,Image of Chain Saw,Chain Saw,6081
269,Image of Chain Saw,Chain Saw,6841
270,Image of Chain Saw,Chain Saw,8745
271,Image of Chain Saw,Chain Saw,4731
272,Image of Chain Saw,Chain Saw,6200
273,Image of Chain Saw,Chain Saw,6872
274,Image of Chain Saw,Chain Saw,8303
275,Image of Chain Saw,Chain Saw,6931
276,Image of Chain Saw,Chain Saw,9858
277,Image of Chain Saw,Chain Saw,9595
278,Image of Chain Saw,Chain Saw,3610
279,Image of Chain Saw,Chain Saw,6849
280,Image of Chain Saw,Chain Saw,7572
281,Image of Chain Saw,Chain Saw,5735
282,Image of Chain Saw,Chain Saw,4932
283,Image of Chain Saw,Chain Saw,3581
284,Image of Chain Saw,Chain Saw,1220
285,Image of Chain Saw,Chain Saw,6430
286,Image of Chain Saw,Chain Saw,8339
287,Image of Chain Saw,Chain Saw,2146
288,Image of Chain Saw,Chain Saw,7588
289,Image of Chain Saw,Chain Saw,8838
290,Image of Chain Saw,Chain Saw,2502
291,Image of Chain Saw,Chain Saw,7111
292,Image of Chain Saw,Chain Saw,9047
293,Image of Chain Saw,Chain Saw,7530
294,Image of Chain Saw,Chain Saw,5037
295,Image of Chain Saw,Chain Saw,5698
296,Image of Chain Saw,Chain Saw,4344
297,Image of Chain Saw,Chain Saw,6535
298,Image of Chain Saw,Chain Saw,4244
299,Image of Chain Saw,Chain Saw,7398
300,Image of Chain Saw,Chain Saw,8242
301,Image of Chain Saw,Chain Saw,9676
302,Image of Chain Saw,Chain Saw,4574
303,Image of Chain Saw,Chain Saw,6194
304,Image of Chain Saw,Chain Saw,1022
305,Image of Chain Saw,Chain Saw,9380
306,Image of Chain Saw,Chain Saw,7298
307,Image of Chain Saw,Chain Saw,1548
308,Image of Chain Saw,Chain Saw,9398
309,Image of Chain Saw,Chain Saw,1968
310,Image of Chain Saw,Chain Saw,7620
311,Image of Chain Saw,Chain Saw,2397
312,Image of Chain Saw,Chain Saw,9155
313,Image of Chain Saw,Chain Saw,2606
314,Image of Chain Saw,Chain Saw,8210
315,Image of Chain Saw,Chain Saw,4430
316,Image of Chain Saw,Chain Saw,7465
317,Image of Chain Saw,Chain Saw,5797
318,Image of Chain Saw,Chain Saw,9590
319,Image of Chain Saw,Chain Saw,8832
320,Image of Chain Saw,Chain Saw,1667
321,Image of Chain Saw,Chain Saw,6362
322,Image of Chain Saw,Chain Saw,1885
323,Image of Chain Saw,Chain Saw,5872
324,Image of Chain Saw,Chain Saw,7230
325,Image of Chain Saw,Chain Saw,8587
326,Image of Chain Saw,Chain Saw,9112
327,Image of Chain Saw,Chain Saw,3764
328,Image of Chain Saw,Chain Saw,2381
329,Image of Chain Saw,Chain Saw,1642
330,Image of Chain Saw,Chain Saw,2018
331,Image of Chain Saw,Chain Saw,4670
332,Image of Chain Saw,Chain Saw,7032
333,Image of Chain Saw,Chain Saw,2775
334,Image of Chain Saw,Chain Saw,6316
335,Image of Chain Saw,Chain Saw,9869
336,Image of Chain Saw,Chain Saw,5184
337,Image of Chain Saw,Chain Saw,4940
338,Image of Chain Saw,Chain Saw,7309
339,Image of Chain Saw,Chain Saw,5949
340,Image of Chain Saw,Chain Saw,2311
341,Image of Chain Saw,Chain Saw,4952
342,Image of Chain Saw,Chain Saw,4072
343,Image of Chain Saw,Chain Saw,3929
344,Image of Chain Saw,Chain Saw,8323
345,Image of Chain Saw,Chain Saw,9409
346,Image of Chain Saw,Chain Saw,6804
347,Image of Chain Saw,Chain Saw,1257
348,Image of Chain Saw,Chain Saw,9510
349,Image of Chain Saw,Chain Saw,2467
350,Image of Chain Saw,Chain Saw,8440
351,Image of Chain Saw,Chain Saw,8575
352,Image of Chain Saw,Chain Saw,1035
353,Image of Chain Saw,Chain Saw,1757
354,Image of Chain Saw,Chain Saw,1103
355,Image of Chain Saw,Chain Saw,5239
356,Image of Chain Saw,Chain Saw,1850
357,Image of Chain Saw,Chain Saw,5047
358,Image of Chain Saw,Chain Saw,9314
359,Image of Chain Saw,Chain Saw,1520
360,Image of Chain Saw,Chain Saw,5335
361,Image of Chain Saw,Chain Saw,7633
362,Image of Chain Saw,Chain Saw,4957
363,Image of Chain Saw,Chain Saw,4862
364,Image of Chain Saw,Chain Saw,7720
365,Image of Chain Saw,Chain Saw,5090
366,Image of Chain Saw,Chain Saw,8952
367,Image of Chain Saw,Chain Saw,4361
368,Image of Chain Saw,Chain Saw,9377
369,Image of Chain Saw,Chain Saw,3860
370,Image of Chain Saw,Chain Saw,5958
371,Image of Chain Saw,Chain Saw,2974
372,Image of Chain Saw,Chain Saw,3727
373,Image of Chain Saw,Chain Saw,5666
374,Image of Chain Saw,Chain Saw,2517
375,Image of Chain Saw,Chain Saw,6016
376,Image of Chain Saw,Chain Saw,9305
377,Image of Chain Saw,Chain Saw,3694
378,Image of Chain Saw,Chain Saw,8556
379,Image of Chain Saw,Chain Saw,2993
380,Image of Chain Saw,Chain Saw,8176
381,Image of Chain Saw,Chain Saw,2878
382,Image of Chain Saw,Chain Saw,7636
383,Image of Chain Saw,Chain Saw,4579
384,Image of Chain Saw,Chain Saw,9164
385,Image of Chain Saw,Chain Saw,8820
386,Image of Chain Saw,Chain Saw,3155
387,Image of Chain Saw,Chain Saw,2101
388,Image of Chain Saw,Chain Saw,3075
389,Image of Chain Saw,Chain Saw,7350
390,Image of Chain Saw,Chain Saw,4830
391,Image of Chain Saw,Chain Saw,4187
392,Image of Chain Saw,Chain Saw,8544
393,Image of Chain Saw,Chain Saw,9956
394,Image of Chain Saw,Chain Saw,7509
395,Image of Chain Saw,Chain Saw,1784
396,Image of Chain Saw,Chain Saw,4025
397,Image of Chain Saw,Chain Saw,9632
398,Image of Chain Saw,Chain Saw,1489
399,Image of Chain Saw,Chain Saw,2322
400,Image of Chain Saw,Chain Saw,7744
401,Image of Chain Saw,Chain Saw,5643
402,Image of Chain Saw,Chain Saw,9116
403,Image of Chain Saw,Chain Saw,6356
404,Image of Chain Saw,Chain Saw,5524
405,Image of Chain Saw,Chain Saw,2782
406,Image of Chain Saw,Chain Saw,3619
407,Image of Chain Saw,Chain Saw,7813
408,Image of Chain Saw,Chain Saw,3605
409,Image of Chain Saw,Chain Saw,8609
410,Image of Chain Saw,Chain Saw,6045
411,Image of Chain Saw,Chain Saw,3925
412,Image of Chain Saw,Chain Saw,8982
413,Image of Chain Saw,Chain Saw,6153
414,Image of Chain Saw,Chain Saw,9603
415,Image of Chain Saw,Chain Saw,4415
416,Image of Chain Saw,Chain Saw,8215
417,Image of Chain Saw,Chain Saw,2767
418,Image of Chain Saw,Chain Saw,2773
419,Image of Chain Saw,Chain Saw,9323
420,Image of Chain Saw,Chain Saw,7798
421,Image of Chain Saw,Chain Saw,4621
422,Image of Chain Saw,Chain Saw,5411
423,Image of Chain Saw,Chain Saw,3440
424,Image of Chain Saw,Chain Saw,4476
425,Image of Chain Saw,Chain Saw,5481
426,Image of Chain Saw,Chain Saw,6496
427,Image of Chain Saw,Chain Saw,3243
428,Image of Chain Saw,Chain Saw,6979
429,Image of Chain Saw,Chain Saw,8999
430,Image of Chain Saw,Chain Saw,7833
431,Image of Chain Saw,Chain Saw,7885
432,Image of Chain Saw,Chain Saw,1820
433,Image of Chain Saw,Chain Saw,8219
434,Image of Chain Saw,Chain Saw,6182
435,Image of Chain Saw,Chain Saw,6306
436,Image of Chain Saw,Chain Saw,6268
437,Image of Chain Saw,Chain Saw,6310
438,Image of Chain Saw,Chain Saw,7707
439,Image of Chain Saw,Chain Saw,7834
440,Image of Chain Saw,Chain Saw,5704
441,Image of Chain Saw,Chain Saw,6970
442,Image of Chain Saw,Chain Saw,4182
443,Image of Chain Saw,Chain Saw,7156
444,Image of Chain Saw,Chain Saw,9430
445,Image of Chain Saw,Chain Saw,7516
446,Image of Chain Saw,Chain Saw,4868
447,Image of Chain Saw,Chain Saw,1250
448,Image of Chain Saw,Chain Saw,8626
449,Image of Chain Saw,Chain Saw,8097
450,Image of Chain Saw,Chain Saw,5628
451,Image of Chain Saw,Chain Saw,6684
452,Image of Chain Saw,Chain Saw,3092
453,Image of Chain Saw,Chain Saw,1534
454,Image of Chain Saw,Chain Saw,6711
455,Image of Chain Saw,Chain Saw,9289
456,Image of Chain Saw,Chain Saw,8562
457,Image of Chain Saw,Chain Saw,4945
458,Image of Chain Saw,Chain Saw,2501
459,Image of Chain Saw,Chain Saw,9670
460,Image of Chain Saw,Chain Saw,8171
461,Image of Chain Saw,Chain Saw,2911
462,Image of Chain Saw,Chain Saw,4956
463,Image of Chain Saw,Chain Saw,2534
464,Image of Chain Saw,Chain Saw,4230
465,Image of Chain Saw,Chain Saw,9887
466,Image of Chain Saw,Chain Saw,2228
467,Image of Chain Saw,Chain Saw,6910
468,Image of Chain Saw,Chain Saw,4871
469,Image of Chain Saw,Chain Saw,5902
470,Image of Chain Saw,Chain Saw,7016
471,Image of Chain Saw,Chain Saw,9737
472,Image of Chain Saw,Chain Saw,8402
473,Image of Chain Saw,Chain Saw,7717
474,Image of Chain Saw,Chain Saw,5900
475,Image of Chain Saw,Chain Saw,5666
476,Image of Chain Saw,Chain Saw,1802
477,Image of Chain Saw,Chain Saw,3309
478,Image of Chain Saw,Chain Saw,5277
479,Image of Chain Saw,Chain Saw,3844
480,Image of Chain Saw,Chain Saw,4412
481,Image of Chain Saw,Chain Saw,6814
482,Image of Chain Saw,Chain Saw,5698
483,Image of Chain Saw,Chain Saw,2616
484,Image of Chain Saw,Chain Saw,3277
485,Image of Chain Saw,Chain Saw,3314
486,Image of Chain Saw,Chain Saw,4141
487,Image of Chain Saw,Chain Saw,1703
488,Image of Chain Saw,Chain Saw,3020
489,Image of Chain Saw,Chain Saw,5795
490,Image of Chain Saw,Chain Saw,2585
491,Image of Chain Saw,Chain Saw,1478
492,Image of Chain Saw,Chain Saw,2158
493,Image of Chain Saw,Chain Saw,1689
494,Image of Chain Saw,Chain Saw,1207
495,Image of Chain Saw,Chain Saw,5717
496,Image of Chain Saw,Chain Saw,2393
497,Image of Chain Saw,Chain Saw,6927
498,Image of Chain Saw,Chain Saw,5405
499,Image of Chain Saw,Chain Saw,8457
500,Image of Gas Pump,Gas Pump,1382
501,Image of Gas Pump,Gas Pump,8425
502,Image of Gas Pump,Gas Pump,9271
503,Image of Gas Pump,Gas Pump,3262
504,Image of Gas Pump,Gas Pump,3886
505,Image of Gas Pump,Gas Pump,7494
506,Image of Gas Pump,Gas Pump,3488
507,Image of Gas Pump,Gas Pump,6220
508,Image of Gas Pump,Gas Pump,5512
509,Image of Gas Pump,Gas Pump,7163
510,Image of Gas Pump,Gas Pump,1592
511,Image of Gas Pump,Gas Pump,2342
512,Image of Gas Pump,Gas Pump,1367
513,Image of Gas Pump,Gas Pump,8457
514,Image of Gas Pump,Gas Pump,6575
515,Image of Gas Pump,Gas Pump,1495
516,Image of Gas Pump,Gas Pump,9856
517,Image of Gas Pump,Gas Pump,3300
518,Image of Gas Pump,Gas Pump,4183
519,Image of Gas Pump,Gas Pump,7367
520,Image of Gas Pump,Gas Pump,6709
521,Image of Gas Pump,Gas Pump,9291
522,Image of Gas Pump,Gas Pump,7113
523,Image of Gas Pump,Gas Pump,2691
524,Image of Gas Pump,Gas Pump,3252
525,Image of Gas Pump,Gas Pump,6175
526,Image of Gas Pump,Gas Pump,5562
527,Image of Gas Pump,Gas Pump,1671
528,Image of Gas Pump,Gas Pump,7474
529,Image of Gas Pump,Gas Pump,2220
530,Image of Gas Pump,Gas Pump,3933
531,Image of Gas Pump,Gas Pump,1445
532,Image of Gas Pump,Gas Pump,9054
533,Image of Gas Pump,Gas Pump,8926
534,Image of Gas Pump,Gas Pump,7261
535,Image of Gas Pump,Gas Pump,1703
536,Image of Gas Pump,Gas Pump,4187
537,Image of Gas Pump,Gas Pump,2308
538,Image of Gas Pump,Gas Pump,7855
539,Image of Gas Pump,Gas Pump,2496
540,Image of Gas Pump,Gas Pump,5605
541,Image of Gas Pump,Gas Pump,1404
542,Image of Gas Pump,Gas Pump,4432
543,Image of Gas Pump,Gas Pump,9675
544,Image of Gas Pump,Gas Pump,9632
545,Image of Gas Pump,Gas Pump,4819
546,Image of Gas Pump,Gas Pump,5465
547,Image of Gas Pump,Gas Pump,7254
548,Image of Gas Pump,Gas Pump,8514
549,Image of Gas Pump,Gas Pump,4192
550,Image of Gas Pump,Gas Pump,4987
551,Image of Gas Pump,Gas Pump,6478
552,Image of Gas Pump,Gas Pump,7448
553,Image of Gas Pump,Gas Pump,3392
554,Image of Gas Pump,Gas Pump,8404
555,Image of Gas Pump,Gas Pump,8301
556,Image of Gas Pump,Gas Pump,4838
557,Image of Gas Pump,Gas Pump,3778
558,Image of Gas Pump,Gas Pump,3256
559,Image of Gas Pump,Gas Pump,6363
560,Image of Gas Pump,Gas Pump,3446
561,Image of Gas Pump,Gas Pump,2374
562,Image of Gas Pump,Gas Pump,8355
563,Image of Gas Pump,Gas Pump,4883
564,Image of Gas Pump,Gas Pump,8997
565,Image of Gas Pump,Gas Pump,9737
566,Image of Gas Pump,Gas Pump,6241
567,Image of Gas Pump,Gas Pump,4370
568,Image of Gas Pump,Gas Pump,2411
569,Image of Gas Pump,Gas Pump,9944
570,Image of Gas Pump,Gas Pump,9664
571,Image of Gas Pump,Gas Pump,5224
572,Image of Gas Pump,Gas Pump,2506
573,Image of Gas Pump,Gas Pump,7041
574,Image of Gas Pump,Gas Pump,8004
575,Image of Gas Pump,Gas Pump,9476
576,Image of Gas Pump,Gas Pump,3617
577,Image of Gas Pump,Gas Pump,6352
578,Image of Gas Pump,Gas Pump,9906
579,Image of Gas Pump,Gas Pump,7050
580,Image of Gas Pump,Gas Pump,4391
581,Image of Gas Pump,Gas Pump,4374
582,Image of Gas Pump,Gas Pump,5692
583,Image of Gas Pump,Gas Pump,3577
584,Image of Gas Pump,Gas Pump,8280
585,Image of Gas Pump,Gas Pump,9924
586,Image of Gas Pump,Gas Pump,6778
587,Image of Gas Pump,Gas Pump,1251
588,Image of Gas Pump,Gas Pump,8647
589,Image of Gas Pump,Gas Pump,1844
590,Image of Gas Pump,Gas Pump,2383
591,Image of Gas Pump,Gas Pump,5917
592,Image of Gas Pump,Gas Pump,5172
593,Image of Gas Pump,Gas Pump,2658
594,Image of Gas Pump,Gas Pump,1663
595,Image of Gas Pump,Gas Pump,6546
596,Image of Gas Pump,Gas Pump,4879
597,Image of Gas Pump,Gas Pump,3245
598,Image of Gas Pump,Gas Pump,5792
599,Image of Gas Pump,Gas Pump,4431
600,Image of Gas Pump,Gas Pump,7498
601,Image of Gas Pump,Gas Pump,5668
602,Image of Gas Pump,Gas Pump,3621
603,Image of Gas Pump,Gas Pump,4185
604,Image of Gas Pump,Gas Pump,9797
605,Image of Gas Pump,Gas Pump,6039
606,Image of Gas Pump,Gas Pump,1204
607,Image of Gas Pump,Gas Pump,2033
608,Image of Gas Pump,Gas Pump,3500
609,Image of Gas Pump,Gas Pump,7902
610,Image of Gas Pump,Gas Pump,2212
611,Image of Gas Pump,Gas Pump,1625
612,Image of Gas Pump,Gas Pump,8405
613,Image of Gas Pump,Gas Pump,6775
614,Image of Gas Pump,Gas Pump,6003
615,Image of Gas Pump,Gas Pump,6079
616,Image of Gas Pump,Gas Pump,1878
617,Image of Gas Pump,Gas Pump,7067
618,Image of Gas Pump,Gas Pump,2579
619,Image of Gas Pump,Gas Pump,8781
620,Image of Gas Pump,Gas Pump,2939
621,Image of Gas Pump,Gas Pump,2512
622,Image of Gas Pump,Gas Pump,2098
623,Image of Gas Pump,Gas Pump,4377
624,Image of Gas Pump,Gas Pump,3676
625,Image of Gas Pump,Gas Pump,7849
626,Image of Gas Pump,Gas Pump,1393
627,Image of Gas Pump,Gas Pump,4896
628,Image of Gas Pump,Gas Pump,1190
629,Image of Gas Pump,Gas Pump,5438
630,Image of Gas Pump,Gas Pump,1077
631,Image of Gas Pump,Gas Pump,9761
632,Image of Gas Pump,Gas Pump,1068
633,Image of Gas Pump,Gas Pump,7761
634,Image of Gas Pump,Gas Pump,6637
635,Image of Gas Pump,Gas Pump,1361
636,Image of Gas Pump,Gas Pump,5670
637,Image of Gas Pump,Gas Pump,7574
638,Image of Gas Pump,Gas Pump,7480
639,Image of Gas Pump,Gas Pump,9912
640,Image of Gas Pump,Gas Pump,9179
641,Image of Gas Pump,Gas Pump,8609
642,Image of Gas Pump,Gas Pump,9519
643,Image of Gas Pump,Gas Pump,2319
644,Image of Gas Pump,Gas Pump,4547
645,Image of Gas Pump,Gas Pump,7129
646,Image of Gas Pump,Gas Pump,4871
647,Image of Gas Pump,Gas Pump,3271
648,Image of Gas Pump,Gas Pump,6504
649,Image of Gas Pump,Gas Pump,2175
650,Image of Gas Pump,Gas Pump,2100
651,Image of Gas Pump,Gas Pump,4802
652,Image of Gas Pump,Gas Pump,9412
653,Image of Gas Pump,Gas Pump,8296
654,Image of Gas Pump,Gas Pump,4518
655,Image of Gas Pump,Gas Pump,4962
656,Image of Gas Pump,Gas Pump,6844
657,Image of Gas Pump,Gas Pump,3245
658,Image of Gas Pump,Gas Pump,5285
659,Image of Gas Pump,Gas Pump,7291
660,Image of Gas Pump,Gas Pump,2256
661,Image of Gas Pump,Gas Pump,1040
662,Image of Gas Pump,Gas Pump,6892
663,Image of Gas Pump,Gas Pump,7609
664,Image of Gas Pump,Gas Pump,9296
665,Image of Gas Pump,Gas Pump,7103
666,Image of Gas Pump,Gas Pump,9201
667,Image of Gas Pump,Gas Pump,6638
668,Image of Gas Pump,Gas Pump,7866
669,Image of Gas Pump,Gas Pump,8097
670,Image of Gas Pump,Gas Pump,8336
671,Image of Gas Pump,Gas Pump,7867
672,Image of Gas Pump,Gas Pump,3154
673,Image of Gas Pump,Gas Pump,1768
674,Image of Gas Pump,Gas Pump,9028
675,Image of Gas Pump,Gas Pump,5770
676,Image of Gas Pump,Gas Pump,2710
677,Image of Gas Pump,Gas Pump,7095
678,Image of Gas Pump,Gas Pump,4432
679,Image of Gas Pump,Gas Pump,8123
680,Image of Gas Pump,Gas Pump,7015
681,Image of Gas Pump,Gas Pump,5288
682,Image of Gas Pump,Gas Pump,7476
683,Image of Gas Pump,Gas Pump,1057
684,Image of Gas Pump,Gas Pump,6161
685,Image of Gas Pump,Gas Pump,5549
686,Image of Gas Pump,Gas Pump,1480
687,Image of Gas Pump,Gas Pump,1582
688,Image of Gas Pump,Gas Pump,9893
689,Image of Gas Pump,Gas Pump,1427
690,Image of Gas Pump,Gas Pump,8583
691,Image of Gas Pump,Gas Pump,3329
692,Image of Gas Pump,Gas Pump,7253
693,Image of Gas Pump,Gas Pump,7103
694,Image of Gas Pump,Gas Pump,3681
695,Image of Gas Pump,Gas Pump,3360
696,Image of Gas Pump,Gas Pump,9200
697,Image of Gas Pump,Gas Pump,7773
698,Image of Gas Pump,Gas Pump,5717
699,Image of Gas Pump,Gas Pump,6598
700,Image of Gas Pump,Gas Pump,9334
701,Image of Gas Pump,Gas Pump,1983
702,Image of Gas Pump,Gas Pump,2787
703,Image of Gas Pump,Gas Pump,2841
704,Image of Gas Pump,Gas Pump,3500
705,Image of Gas Pump,Gas Pump,5641
706,Image of Gas Pump,Gas Pump,7651
707,Image of Gas Pump,Gas Pump,9077
708,Image of Gas Pump,Gas Pump,4838
709,Image of Gas Pump,Gas Pump,6761
710,Image of Gas Pump,Gas Pump,1693
711,Image of Gas Pump,Gas Pump,6978
712,Image of Gas Pump,Gas Pump,9577
713,Image of Gas Pump,Gas Pump,1832
714,Image of Gas Pump,Gas Pump,5715
715,Image of Gas Pump,Gas Pump,6494
716,Image of Gas Pump,Gas Pump,1106
717,Image of Gas Pump,Gas Pump,6009
718,Image of Gas Pump,Gas Pump,9028
719,Image of Gas Pump,Gas Pump,3475
720,Image of Gas Pump,Gas Pump,1166
721,Image of Gas Pump,Gas Pump,3435
722,Image of Gas Pump,Gas Pump,9371
723,Image of Gas Pump,Gas Pump,4694
724,Image of Gas Pump,Gas Pump,6098
725,Image of Gas Pump,Gas Pump,7177
726,Image of Gas Pump,Gas Pump,9412
727,Image of Gas Pump,Gas Pump,9235
728,Image of Gas Pump,Gas Pump,8938
729,Image of Gas Pump,Gas Pump,6155
730,Image of Gas Pump,Gas Pump,3759
731,Image of Gas Pump,Gas Pump,1751
732,Image of Gas Pump,Gas Pump,4924
733,Image of Gas Pump,Gas Pump,8114
734,Image of Gas Pump,Gas Pump,8154
735,Image of Gas Pump,Gas Pump,3193
736,Image of Gas Pump,Gas Pump,2503
737,Image of Gas Pump,Gas Pump,7854
738,Image of Gas Pump,Gas Pump,4783
739,Image of Gas Pump,Gas Pump,8662
740,Image of Gas Pump,Gas Pump,7146
741,Image of Gas Pump,Gas Pump,4219
742,Image of Gas Pump,Gas Pump,5669
743,Image of Gas Pump,Gas Pump,4641
744,Image of Gas Pump,Gas Pump,6944
745,Image of Gas Pump,Gas Pump,6022
746,Image of Gas Pump,Gas Pump,1926
747,Image of Gas Pump,Gas Pump,9515
748,Image of Gas Pump,Gas Pump,3647
749,Image of Gas Pump,Gas Pump,6656
750,Image of Gas Pump,Gas Pump,3532
751,Image of Gas Pump,Gas Pump,7343
752,Image of Gas Pump,Gas Pump,8149
753,Image of Gas Pump,Gas Pump,7350
754,Image of Gas Pump,Gas Pump,5748
755,Image of Gas Pump,Gas Pump,1031
756,Image of Gas Pump,Gas Pump,7257
757,Image of Gas Pump,Gas Pump,5205
758,Image of Gas Pump,Gas Pump,5779
759,Image of Gas Pump,Gas Pump,1687
760,Image of Gas Pump,Gas Pump,6374
761,Image of Gas Pump,Gas Pump,8421
762,Image of Gas Pump,Gas Pump,6148
763,Image of Gas Pump,Gas Pump,5603
764,Image of Gas Pump,Gas Pump,8317
765,Image of Gas Pump,Gas Pump,4778
766,Image of Gas Pump,Gas Pump,2624
767,Image of Gas Pump,Gas Pump,3645
768,Image of Gas Pump,Gas Pump,1142
769,Image of Gas Pump,Gas Pump,9188
770,Image of Gas Pump,Gas Pump,7988
771,Image of Gas Pump,Gas Pump,8409
772,Image of Gas Pump,Gas Pump,8734
773,Image of Gas Pump,Gas Pump,2031
774,Image of Gas Pump,Gas Pump,9383
775,Image of Gas Pump,Gas Pump,6086
776,Image of Gas Pump,Gas Pump,5855
777,Image of Gas Pump,Gas Pump,7535
778,Image of Gas Pump,Gas Pump,4496
779,Image of Gas Pump,Gas Pump,2639
780,Image of Gas Pump,Gas Pump,3476
781,Image of Gas Pump,Gas Pump,7117
782,Image of Gas Pump,Gas Pump,7285
783,Image of Gas Pump,Gas Pump,5751
784,Image of Gas Pump,Gas Pump,4831
785,Image of Gas Pump,Gas Pump,5136
786,Image of Gas Pump,Gas Pump,9982
787,Image of Gas Pump,Gas Pump,2693
788,Image of Gas Pump,Gas Pump,1632
789,Image of Gas Pump,Gas Pump,1185
790,Image of Gas Pump,Gas Pump,3299
791,Image of Gas Pump,Gas Pump,7533
792,Image of Gas Pump,Gas Pump,4286
793,Image of Gas Pump,Gas Pump,8462
794,Image of Gas Pump,Gas Pump,4249
795,Image of Gas Pump,Gas Pump,4523
796,Image of Gas Pump,Gas Pump,4700
797,Image of Gas Pump,Gas Pump,7347
798,Image of Gas Pump,Gas Pump,1582
799,Image of Gas Pump,Gas Pump,6418
800,Image of Gas Pump,Gas Pump,1024
801,Image of Gas Pump,Gas Pump,8851
802,Image of Gas Pump,Gas Pump,7432
803,Image of Gas Pump,Gas Pump,2783
804,Image of Gas Pump,Gas Pump,8844
805,Image of Gas Pump,Gas Pump,5079
806,Image of Gas Pump,Gas Pump,9516
807,Image of Gas Pump,Gas Pump,1815
808,Image of Gas Pump,Gas Pump,9010
809,Image of Gas Pump,Gas Pump,5930
810,Image of Gas Pump,Gas Pump,1066
811,Image of Gas Pump,Gas Pump,2562
812,Image of Gas Pump,Gas Pump,1885
813,Image of Gas Pump,Gas Pump,2893
814,Image of Gas Pump,Gas Pump,8873
815,Image of Gas Pump,Gas Pump,3012
816,Image of Gas Pump,Gas Pump,4798
817,Image of Gas Pump,Gas Pump,1003
818,Image of Gas Pump,Gas Pump,2661
819,Image of Gas Pump,Gas Pump,9859
820,Image of Gas Pump,Gas Pump,1073
821,Image of Gas Pump,Gas Pump,4408
822,Image of Gas Pump,Gas Pump,3019
823,Image of Gas Pump,Gas Pump,7528
824,Image of Gas Pump,Gas Pump,1859
825,Image of Gas Pump,Gas Pump,8219
826,Image of Gas Pump,Gas Pump,3861
827,Image of Gas Pump,Gas Pump,7075
828,Image of Gas Pump,Gas Pump,4945
829,Image of Gas Pump,Gas Pump,6488
830,Image of Gas Pump,Gas Pump,7344
831,Image of Gas Pump,Gas Pump,6747
832,Image of Gas Pump,Gas Pump,2243
833,Image of Gas Pump,Gas Pump,9202
834,Image of Gas Pump,Gas Pump,8901
835,Image of Gas Pump,Gas Pump,2026
836,Image of Gas Pump,Gas Pump,1993
837,Image of Gas Pump,Gas Pump,1110
838,Image of Gas Pump,Gas Pump,4898
839,Image of Gas Pump,Gas Pump,4472
840,Image of Gas Pump,Gas Pump,2945
841,Image of Gas Pump,Gas Pump,4566
842,Image of Gas Pump,Gas Pump,3531
843,Image of Gas Pump,Gas Pump,8983
844,Image of Gas Pump,Gas Pump,4999
845,Image of Gas Pump,Gas Pump,8439
846,Image of Gas Pump,Gas Pump,8390
847,Image of Gas Pump,Gas Pump,3778
848,Image of Gas Pump,Gas Pump,4057
849,Image of Gas Pump,Gas Pump,4940
850,Image of Gas Pump,Gas Pump,6165
851,Image of Gas Pump,Gas Pump,4315
852,Image of Gas Pump,Gas Pump,2803
853,Image of Gas Pump,Gas Pump,2591
854,Image of Gas Pump,Gas Pump,2649
855,Image of Gas Pump,Gas Pump,3998
856,Image of Gas Pump,Gas Pump,9337
857,Image of Gas Pump,Gas Pump,6742
858,Image of Gas Pump,Gas Pump,4762
859,Image of Gas Pump,Gas Pump,2008
860,Image of Gas Pump,Gas Pump,1736
861,Image of Gas Pump,Gas Pump,5340
862,Image of Gas Pump,Gas Pump,5605
863,Image of Gas Pump,Gas Pump,9722
864,Image of Gas Pump,Gas Pump,5662
865,Image of Gas Pump,Gas Pump,7675
866,Image of Gas Pump,Gas Pump,4050
867,Image of Gas Pump,Gas Pump,7041
868,Image of Gas Pump,Gas Pump,2853
869,Image of Gas Pump,Gas Pump,8639
870,Image of Gas Pump,Gas Pump,2487
871,Image of Gas Pump,Gas Pump,4555
872,Image of Gas Pump,Gas Pump,6125
873,Image of Gas Pump,Gas Pump,2081
874,Image of Gas Pump,Gas Pump,9335
875,Image of Gas Pump,Gas Pump,6670
876,Image of Gas Pump,Gas Pump,5574
877,Image of Gas Pump,Gas Pump,6185
878,Image of Gas Pump,Gas Pump,8940
879,Image of Gas Pump,Gas Pump,9731
880,Image of Gas Pump,Gas Pump,9635
881,Image of Gas Pump,Gas Pump,9057
882,Image of Gas Pump,Gas Pump,9686
883,Image of Gas Pump,Gas Pump,9022
884,Image of Gas Pump,Gas Pump,6150
885,Image of Gas Pump,Gas Pump,4823
886,Image of Gas Pump,Gas Pump,6956
887,Image of Gas Pump,Gas Pump,3538
888,Image of Gas Pump,Gas Pump,8467
889,Image of Gas Pump,Gas Pump,2137
890,Image of Gas Pump,Gas Pump,4585
891,Image of Gas Pump,Gas Pump,4745
892,Image of Gas Pump,Gas Pump,1210
893,Image of Gas Pump,Gas Pump,6270
894,Image of Gas Pump,Gas Pump,2112
895,Image of Gas Pump,Gas Pump,3620
896,Image of Gas Pump,Gas Pump,9325
897,Image of Gas Pump,Gas Pump,2934
898,Image of Gas Pump,Gas Pump,3205
899,Image of Gas Pump,Gas Pump,2209
900,Image of Gas Pump,Gas Pump,6971
901,Image of Gas Pump,Gas Pump,9381
902,Image of Gas Pump,Gas Pump,4006
903,Image of Gas Pump,Gas Pump,1215
904,Image of Gas Pump,Gas Pump,4302
905,Image of Gas Pump,Gas Pump,9370
906,Image of Gas Pump,Gas Pump,2447
907,Image of Gas Pump,Gas Pump,4722
908,Image of Gas Pump,Gas Pump,2086
909,Image of Gas Pump,Gas Pump,5756
910,Image of Gas Pump,Gas Pump,2781
911,Image of Gas Pump,Gas Pump,7746
912,Image of Gas Pump,Gas Pump,9329
913,Image of Gas Pump,Gas Pump,6021
914,Image of Gas Pump,Gas Pump,8369
915,Image of Gas Pump,Gas Pump,4432
916,Image of Gas Pump,Gas Pump,1898
917,Image of Gas Pump,Gas Pump,5336
918,Image of Gas Pump,Gas Pump,9074
919,Image of Gas Pump,Gas Pump,1990
920,Image of Gas Pump,Gas Pump,1677
921,Image of Gas Pump,Gas Pump,8748
922,Image of Gas Pump,Gas Pump,8556
923,Image of Gas Pump,Gas Pump,9600
924,Image of Gas Pump,Gas Pump,8123
925,Image of Gas Pump,Gas Pump,9169
926,Image of Gas Pump,Gas Pump,5837
927,Image of Gas Pump,Gas Pump,9604
928,Image of Gas Pump,Gas Pump,5715
929,Image of Gas Pump,Gas Pump,5445
930,Image of Gas Pump,Gas Pump,9177
931,Image of Gas Pump,Gas Pump,9333
932,Image of Gas Pump,Gas Pump,4971
933,Image of Gas Pump,Gas Pump,8565
934,Image of Gas Pump,Gas Pump,7705
935,Image of Gas Pump,Gas Pump,5811
936,Image of Gas Pump,Gas Pump,2511
937,Image of Gas Pump,Gas Pump,1922
938,Image of Gas Pump,Gas Pump,6916
939,Image of Gas Pump,Gas Pump,3645
940,Image of Gas Pump,Gas Pump,2085
941,Image of Gas Pump,Gas Pump,6728
942,Image of Gas Pump,Gas Pump,5255
943,Image of Gas Pump,Gas Pump,7338
944,Image of Gas Pump,Gas Pump,3231
945,Image of Gas Pump,Gas Pump,3943
946,Image of Gas Pump,Gas Pump,6902
947,Image of Gas Pump,Gas Pump,9742
948,Image of Gas Pump,Gas Pump,2305
949,Image of Gas Pump,Gas Pump,7183
950,Image of Gas Pump,Gas Pump,7953
951,Image of Gas Pump,Gas Pump,4946
952,Image of Gas Pump,Gas Pump,6807
953,Image of Gas Pump,Gas Pump,4013
954,Image of Gas Pump,Gas Pump,5528
955,Image of Gas Pump,Gas Pump,9508
956,Image of Gas Pump,Gas Pump,7312
957,Image of Gas Pump,Gas Pump,4877
958,Image of Gas Pump,Gas Pump,2808
959,Image of Gas Pump,Gas Pump,2157
960,Image of Gas Pump,Gas Pump,5577
961,Image of Gas Pump,Gas Pump,8678
962,Image of Gas Pump,Gas Pump,6745
963,Image of Gas Pump,Gas Pump,5876
964,Image of Gas Pump,Gas Pump,1839
965,Image of Gas Pump,Gas Pump,5276
966,Image of Gas Pump,Gas Pump,8060
967,Image of Gas Pump,Gas Pump,9810
968,Image of Gas Pump,Gas Pump,8280
969,Image of Gas Pump,Gas Pump,6465
970,Image of Gas Pump,Gas Pump,4869
971,Image of Gas Pump,Gas Pump,6818
972,Image of Gas Pump,Gas Pump,4516
973,Image of Gas Pump,Gas Pump,8857
974,Image of Gas Pump,Gas Pump,6970
975,Image of Gas Pump,Gas Pump,3832
976,Image of Gas Pump,Gas Pump,5248
977,Image of Gas Pump,Gas Pump,4132
978,Image of Gas Pump,Gas Pump,3420
979,Image of Gas Pump,Gas Pump,4226
980,Image of Gas Pump,Gas Pump,9915
981,Image of Gas Pump,Gas Pump,4735
982,Image of Gas Pump,Gas Pump,6698
983,Image of Gas Pump,Gas Pump,3227
984,Image of Gas Pump,Gas Pump,7317
985,Image of Gas Pump,Gas Pump,9119
986,Image of Gas Pump,Gas Pump,7424
987,Image of Gas Pump,Gas Pump,4329
988,Image of Gas Pump,Gas Pump,2662
989,Image of Gas Pump,Gas Pump,2798
990,Image of Gas Pump,Gas Pump,9313
991,Image of Gas Pump,Gas Pump,6860
992,Image of Gas Pump,Gas Pump,6346
993,Image of Gas Pump,Gas Pump,3725
994,Image of Gas Pump,Gas Pump,8072
995,Image of Gas Pump,Gas Pump,5644
996,Image of Gas Pump,Gas Pump,2499
997,Image of Gas Pump,Gas Pump,6771
998,Image of Gas Pump,Gas Pump,6251
999,Image of Gas Pump,Gas Pump,8252
1000,Image of Tench,Tench,6724
1001,Image of Tench,Tench,9907
1002,Image of Tench,Tench,7453
1003,Image of Tench,Tench,5259
1004,Image of Tench,Tench,8148
1005,Image of Tench,Tench,5871
1006,Image of Tench,Tench,6199
1007,Image of Tench,Tench,8136
1008,Image of Tench,Tench,6752
1009,Image of Tench,Tench,7664
1010,Image of Tench,Tench,8664
1011,Image of Tench,Tench,5600
1012,Image of Tench,Tench,5674
1013,Image of Tench,Tench,6594
1014,Image of Tench,Tench,7390
1015,Image of Tench,Tench,9366
1016,Image of Tench,Tench,6267
1017,Image of Tench,Tench,9027
1018,Image of Tench,Tench,6037
1019,Image of Tench,Tench,2909
1020,Image of Tench,Tench,5235
1021,Image of Tench,Tench,6740
1022,Image of Tench,Tench,6992
1023,Image of Tench,Tench,6993
1024,Image of Tench,Tench,5084
1025,Image of Tench,Tench,6352
1026,Image of Tench,Tench,9964
1027,Image of Tench,Tench,4227
1028,Image of Tench,Tench,2953
1029,Image of Tench,Tench,4003
1030,Image of Tench,Tench,8900
1031,Image of Tench,Tench,5579
1032,Image of Tench,Tench,3508
1033,Image of Tench,Tench,7295
1034,Image of Tench,Tench,7425
1035,Image of Tench,Tench,4660
1036,Image of Tench,Tench,2358
1037,Image of Tench,Tench,6979
1038,Image of Tench,Tench,4160
1039,Image of Tench,Tench,8545
1040,Image of Tench,Tench,6157
1041,Image of Tench,Tench,9839
1042,Image of Tench,Tench,2390
1043,Image of Tench,Tench,8769
1044,Image of Tench,Tench,6344
1045,Image of Tench,Tench,6046
1046,Image of Tench,Tench,3613
1047,Image of Tench,Tench,1434
1048,Image of Tench,Tench,1701
1049,Image of Tench,Tench,6521
1050,Image of Tench,Tench,4282
1051,Image of Tench,Tench,7462
1052,Image of Tench,Tench,1034
1053,Image of Tench,Tench,9175
1054,Image of Tench,Tench,6089
1055,Image of Tench,Tench,5269
1056,Image of Tench,Tench,1757
1057,Image of Tench,Tench,6213
1058,Image of Tench,Tench,3696
1059,Image of Tench,Tench,4499
1060,Image of Tench,Tench,3094
1061,Image of Tench,Tench,7850
1062,Image of Tench,Tench,6468
1063,Image of Tench,Tench,2091
1064,Image of Tench,Tench,5799
1065,Image of Tench,Tench,3404
1066,Image of Tench,Tench,8377
1067,Image of Tench,Tench,5033
1068,Image of Tench,Tench,5820
1069,Image of Tench,Tench,7312
1070,Image of Tench,Tench,1166
1071,Image of Tench,Tench,8513
1072,Image of Tench,Tench,9866
1073,Image of Tench,Tench,1067
1074,Image of Tench,Tench,5218
1075,Image of Tench,Tench,8093
1076,Image of Tench,Tench,4267
1077,Image of Tench,Tench,3681
1078,Image of Tench,Tench,5444
1079,Image of Tench,Tench,2702
1080,Image of Tench,Tench,6598
1081,Image of Tench,Tench,6704
1082,Image of Tench,Tench,3160
1083,Image of Tench,Tench,3476
1084,Image of Tench,Tench,5695
1085,Image of Tench,Tench,1730
1086,Image of Tench,Tench,2715
1087,Image of Tench,Tench,3732
1088,Image of Tench,Tench,1426
1089,Image of Tench,Tench,9481
1090,Image of Tench,Tench,2826
1091,Image of Tench,Tench,3046
1092,Image of Tench,Tench,6306
1093,Image of Tench,Tench,5046
1094,Image of Tench,Tench,3728
1095,Image of Tench,Tench,6750
1096,Image of Tench,Tench,7900
1097,Image of Tench,Tench,6052
1098,Image of Tench,Tench,3089
1099,Image of Tench,Tench,4655
1100,Image of Tench,Tench,2959
1101,Image of Tench,Tench,3275
1102,Image of Tench,Tench,8192
1103,Image of Tench,Tench,9939
1104,Image of Tench,Tench,3417
1105,Image of Tench,Tench,4907
1106,Image of Tench,Tench,3357
1107,Image of Tench,Tench,1117
1108,Image of Tench,Tench,7848
1109,Image of Tench,Tench,4171
1110,Image of Tench,Tench,2583
1111,Image of Tench,Tench,3251
1112,Image of Tench,Tench,3298
1113,Image of Tench,Tench,8497
1114,Image of Tench,Tench,1892
1115,Image of Tench,Tench,1871
1116,Image of Tench,Tench,5759
1117,Image of Tench,Tench,1084
1118,Image of Tench,Tench,8292
1119,Image of Tench,Tench,6531
1120,Image of Tench,Tench,9838
1121,Image of Tench,Tench,9032
1122,Image of Tench,Tench,1707
1123,Image of Tench,Tench,7387
1124,Image of Tench,Tench,9825
1125,Image of Tench,Tench,6959
1126,Image of Tench,Tench,5722
1127,Image of Tench,Tench,8149
1128,Image of Tench,Tench,8775
1129,Image of Tench,Tench,4628
1130,Image of Tench,Tench,9262
1131,Image of Tench,Tench,8241
1132,Image of Tench,Tench,8871
1133,Image of Tench,Tench,7721
1134,Image of Tench,Tench,9649
1135,Image of Tench,Tench,8635
1136,Image of Tench,Tench,1060
1137,Image of Tench,Tench,2272
1138,Image of Tench,Tench,8128
1139,Image of Tench,Tench,3436
1140,Image of Tench,Tench,6333
1141,Image of Tench,Tench,6597
1142,Image of Tench,Tench,6591
1143,Image of Tench,Tench,3647
1144,Image of Tench,Tench,1636
1145,Image of Tench,Tench,4650
1146,Image of Tench,Tench,7836
1147,Image of Tench,Tench,8676
1148,Image of Tench,Tench,8588
1149,Image of Tench,Tench,3357
1150,Image of Tench,Tench,5763
1151,Image of Tench,Tench,4498
1152,Image of Tench,Tench,2208
1153,Image of Tench,Tench,3935
1154,Image of Tench,Tench,6571
1155,Image of Tench,Tench,5582
1156,Image of Tench,Tench,9351
1157,Image of Tench,Tench,1328
1158,Image of Tench,Tench,8440
1159,Image of Tench,Tench,2564
1160,Image of Tench,Tench,2255
1161,Image of Tench,Tench,7271
1162,Image of Tench,Tench,7818
1163,Image of Tench,Tench,8263
1164,Image of Tench,Tench,6667
1165,Image of Tench,Tench,1754
1166,Image of Tench,Tench,9611
1167,Image of Tench,Tench,8753
1168,Image of Tench,Tench,2339
1169,Image of Tench,Tench,2787
1170,Image of Tench,Tench,9592
1171,Image of Tench,Tench,7044
1172,Image of Tench,Tench,4571
1173,Image of Tench,Tench,8005
1174,Image of Tench,Tench,8638
1175,Image of Tench,Tench,7975
1176,Image of Tench,Tench,9607
1177,Image of Tench,Tench,4101
1178,Image of Tench,Tench,2160
1179,Image of Tench,Tench,9989
1180,Image of Tench,Tench,3409
1181,Image of Tench,Tench,3369
1182,Image of Tench,Tench,6484
1183,Image of Tench,Tench,7458
1184,Image of Tench,Tench,7118
1185,Image of Tench,Tench,4030
1186,Image of Tench,Tench,4399
1187,Image of Tench,Tench,9972
1188,Image of Tench,Tench,1324
1189,Image of Tench,Tench,7904
1190,Image of Tench,Tench,3023
1191,Image of Tench,Tench,5202
1192,Image of Tench,Tench,4851
1193,Image of Tench,Tench,6328
1194,Image of Tench,Tench,6862
1195,Image of Tench,Tench,8602
1196,Image of Tench,Tench,1477
1197,Image of Tench,Tench,1104
1198,Image of Tench,Tench,8084
1199,Image of Tench,Tench,8400
1200,Image of Tench,Tench,5067
1201,Image of Tench,Tench,4935
1202,Image of Tench,Tench,5793
1203,Image of Tench,Tench,8357
1204,Image of Tench,Tench,8204
1205,Image of Tench,Tench,8826
1206,Image of Tench,Tench,3005
1207,Image of Tench,Tench,5894
1208,Image of Tench,Tench,1129
1209,Image of Tench,Tench,2677
1210,Image of Tench,Tench,3254
1211,Image of Tench,Tench,3436
1212,Image of Tench,Tench,9749
1213,Image of Tench,Tench,1766
1214,Image of Tench,Tench,8060
1215,Image of Tench,Tench,1266
1216,Image of Tench,Tench,3899
1217,Image of Tench,Tench,8992
1218,Image of Tench,Tench,9703
1219,Image of Tench,Tench,2114
1220,Image of Tench,Tench,4733
1221,Image of Tench,Tench,5589
1222,Image of Tench,Tench,3805
1223,Image of Tench,Tench,4945
1224,Image of Tench,Tench,5364
1225,Image of Tench,Tench,3739
1226,Image of Tench,Tench,9521
1227,Image of Tench,Tench,3253
1228,Image of Tench,Tench,1383
1229,Image of Tench,Tench,6444
1230,Image of Tench,Tench,7392
1231,Image of Tench,Tench,7479
1232,Image of Tench,Tench,3011
1233,Image of Tench,Tench,2863
1234,Image of Tench,Tench,4103
1235,Image of Tench,Tench,5123
1236,Image of Tench,Tench,3576
1237,Image of Tench,Tench,6749
1238,Image of Tench,Tench,5086
1239,Image of Tench,Tench,6487
1240,Image of Tench,Tench,4532
1241,Image of Tench,Tench,1757
1242,Image of Tench,Tench,8319
1243,Image of Tench,Tench,8740
1244,Image of Tench,Tench,5460
1245,Image of Tench,Tench,9755
1246,Image of Tench,Tench,2089
1247,Image of Tench,Tench,2973
1248,Image of Tench,Tench,6650
1249,Image of Tench,Tench,6429
1250,Image of Tench,Tench,4156
1251,Image of Tench,Tench,1756
1252,Image of Tench,Tench,5913
1253,Image of Tench,Tench,7730
1254,Image of Tench,Tench,2801
1255,Image of Tench,Tench,6686
1256,Image of Tench,Tench,3888
1257,Image of Tench,Tench,5975
1258,Image of Tench,Tench,8955
1259,Image of Tench,Tench,7461
1260,Image of Tench,Tench,4478
1261,Image of Tench,Tench,9495
1262,Image of Tench,Tench,1567
1263,Image of Tench,Tench,3731
1264,Image of Tench,Tench,4532
1265,Image of Tench,Tench,4962
1266,Image of Tench,Tench,6908
1267,Image of Tench,Tench,3200
1268,Image of Tench,Tench,2490
1269,Image of Tench,Tench,8265
1270,Image of Tench,Tench,2787
1271,Image of Tench,Tench,9743
1272,Image of Tench,Tench,8955
1273,Image of Tench,Tench,5624
1274,Image of Tench,Tench,7664
1275,Image of Tench,Tench,9633
1276,Image of Tench,Tench,6699
1277,Image of Tench,Tench,3733
1278,Image of Tench,Tench,3433
1279,Image of Tench,Tench,2503
1280,Image of Tench,Tench,9398
1281,Image of Tench,Tench,8712
1282,Image of Tench,Tench,8474
1283,Image of Tench,Tench,8733
1284,Image of Tench,Tench,4397
1285,Image of Tench,Tench,5549
1286,Image of Tench,Tench,2559
1287,Image of Tench,Tench,7175
1288,Image of Tench,Tench,9587
1289,Image of Tench,Tench,3809
1290,Image of Tench,Tench,8297
1291,Image of Tench,Tench,7758
1292,Image of Tench,Tench,4499
1293,Image of Tench,Tench,8117
1294,Image of Tench,Tench,4314
1295,Image of Tench,Tench,1711
1296,Image of Tench,Tench,1707
1297,Image of Tench,Tench,6253
1298,Image of Tench,Tench,2580
1299,Image of Tench,Tench,1834
1300,Image of Tench,Tench,9394
1301,Image of Tench,Tench,5485
1302,Image of Tench,Tench,5280
1303,Image of Tench,Tench,1750
1304,Image of Tench,Tench,8827
1305,Image of Tench,Tench,6362
1306,Image of Tench,Tench,8504
1307,Image of Tench,Tench,7140
1308,Image of Tench,Tench,5013
1309,Image of Tench,Tench,4025
1310,Image of Tench,Tench,9307
1311,Image of Tench,Tench,9474
1312,Image of Tench,Tench,8119
1313,Image of Tench,Tench,2689
1314,Image of Tench,Tench,9294
1315,Image of Tench,Tench,7868
1316,Image of Tench,Tench,8006
1317,Image of Tench,Tench,9841
1318,Image of Tench,Tench,2983
1319,Image of Tench,Tench,1334
1320,Image of Tench,Tench,9948
1321,Image of Tench,Tench,5069
1322,Image of Tench,Tench,3219
1323,Image of Tench,Tench,8671
1324,Image of Tench,Tench,4999
1325,Image of Tench,Tench,6216
1326,Image of Tench,Tench,1920
1327,Image of Tench,Tench,9960
1328,Image of Tench,Tench,1240
1329,Image of Tench,Tench,3366
1330,Image of Tench,Tench,1181
1331,Image of Tench,Tench,6563
1332,Image of Tench,Tench,5236
1333,Image of Tench,Tench,8698
1334,Image of Tench,Tench,1722
1335,Image of Tench,Tench,5760
1336,Image of Tench,Tench,9382
1337,Image of Tench,Tench,2273
1338,Image of Tench,Tench,8485
1339,Image of Tench,Tench,2482
1340,Image of Tench,Tench,1455
1341,Image of Tench,Tench,1199
1342,Image of Tench,Tench,8948
1343,Image of Tench,Tench,3922
1344,Image of Tench,Tench,8317
1345,Image of Tench,Tench,8993
1346,Image of Tench,Tench,5847
1347,Image of Tench,Tench,4968
1348,Image of Tench,Tench,6163
1349,Image of Tench,Tench,6651
1350,Image of Tench,Tench,5236
1351,Image of Tench,Tench,8477
1352,Image of Tench,Tench,4803
1353,Image of Tench,Tench,3528
1354,Image of Tench,Tench,3142
1355,Image of Tench,Tench,1113
1356,Image of Tench,Tench,3979
1357,Image of Tench,Tench,7334
1358,Image of Tench,Tench,3808
1359,Image of Tench,Tench,4039
1360,Image of Tench,Tench,6565
1361,Image of Tench,Tench,8391
1362,Image of Tench,Tench,2994
1363,Image of Tench,Tench,8118
1364,Image of Tench,Tench,6934
1365,Image of Tench,Tench,3628
1366,Image of Tench,Tench,1301
1367,Image of Tench,Tench,5407
1368,Image of Tench,Tench,6849
1369,Image of Tench,Tench,2045
1370,Image of Tench,Tench,8210
1371,Image of Tench,Tench,5439
1372,Image of Tench,Tench,4523
1373,Image of Tench,Tench,5327
1374,Image of Tench,Tench,3874
1375,Image of Tench,Tench,3186
1376,Image of Tench,Tench,8654
1377,Image of Tench,Tench,9484
1378,Image of Tench,Tench,2428
1379,Image of Tench,Tench,9774
1380,Image of Tench,Tench,4140
1381,Image of Tench,Tench,4900
1382,Image of Tench,Tench,9772
1383,Image of Tench,Tench,1372
1384,Image of Tench,Tench,7930
1385,Image of Tench,Tench,7732
1386,Image of Tench,Tench,4605
1387,Image of Tench,Tench,9048
1388,Image of Tench,Tench,7991
1389,Image of Tench,Tench,9997
1390,Image of Tench,Tench,6023
1391,Image of Tench,Tench,3471
1392,Image of Tench,Tench,9833
1393,Image of Tench,Tench,5614
1394,Image of Tench,Tench,3049
1395,Image of Tench,Tench,5266
1396,Image of Tench,Tench,5123
1397,Image of Tench,Tench,1428
1398,Image of Tench,Tench,5841
1399,Image of Tench,Tench,1388
1400,Image of Tench,Tench,8437
1401,Image of Tench,Tench,7790
1402,Image of Tench,Tench,9827
1403,Image of Tench,Tench,4109
1404,Image of Tench,Tench,2279
1405,Image of Tench,Tench,3474
1406,Image of Tench,Tench,3778
1407,Image of Tench,Tench,9598
1408,Image of Tench,Tench,9330
1409,Image of Tench,Tench,8170
1410,Image of Tench,Tench,3927
1411,Image of Tench,Tench,7424
1412,Image of Tench,Tench,9094
1413,Image of Tench,Tench,6857
1414,Image of Tench,Tench,4123
1415,Image of Tench,Tench,2895
1416,Image of Tench,Tench,9661
1417,Image of Tench,Tench,4405
1418,Image of Tench,Tench,3078
1419,Image of Tench,Tench,6614
1420,Image of Tench,Tench,2012
1421,Image of Tench,Tench,8434
1422,Image of Tench,Tench,1708
1423,Image of Tench,Tench,4558
1424,Image of Tench,Tench,8656
1425,Image of Tench,Tench,4882
1426,Image of Tench,Tench,5441
1427,Image of Tench,Tench,2253
1428,Image of Tench,Tench,7006
1429,Image of Tench,Tench,3368
1430,Image of Tench,Tench,6427
1431,Image of Tench,Tench,4314
1432,Image of Tench,Tench,7532
1433,Image of Tench,Tench,2772
1434,Image of Tench,Tench,4474
1435,Image of Tench,Tench,5137
1436,Image of Tench,Tench,6553
1437,Image of Tench,Tench,1432
1438,Image of Tench,Tench,5539
1439,Image of Tench,Tench,9719
1440,Image of Tench,Tench,7392
1441,Image of Tench,Tench,8998
1442,Image of Tench,Tench,2891
1443,Image of Tench,Tench,5939
1444,Image of Tench,Tench,4951
1445,Image of Tench,Tench,6441
1446,Image of Tench,Tench,7305
1447,Image of Tench,Tench,7875
1448,Image of Tench,Tench,6594
1449,Image of Tench,Tench,9147
1450,Image of Tench,Tench,1396
1451,Image of Tench,Tench,6553
1452,Image of Tench,Tench,9787
1453,Image of Tench,Tench,8156
1454,Image of Tench,Tench,5497
1455,Image of Tench,Tench,9743
1456,Image of Tench,Tench,6798
1457,Image of Tench,Tench,5875
1458,Image of Tench,Tench,5707
1459,Image of Tench,Tench,6231
1460,Image of Tench,Tench,5035
1461,Image of Tench,Tench,6356
1462,Image of Tench,Tench,3018
1463,Image of Tench,Tench,6539
1464,Image of Tench,Tench,1678
1465,Image of Tench,Tench,3033
1466,Image of Tench,Tench,4209
1467,Image of Tench,Tench,8312
1468,Image of Tench,Tench,7287
1469,Image of Tench,Tench,5079
1470,Image of Tench,Tench,6187
1471,Image of Tench,Tench,9768
1472,Image of Tench,Tench,6216
1473,Image of Tench,Tench,5397
1474,Image of Tench,Tench,5115
1475,Image of Tench,Tench,7510
1476,Image of Tench,Tench,5789
1477,Image of Tench,Tench,9514
1478,Image of Tench,Tench,9801
1479,Image of Tench,Tench,2713
1480,Image of Tench,Tench,4175
1481,Image of Tench,Tench,1380
1482,Image of Tench,Tench,3525
1483,Image of Tench,Tench,5538
1484,Image of Tench,Tench,9689
1485,Image of Tench,Tench,6702
1486,Image of Tench,Tench,2237
1487,Image of Tench,Tench,7713
1488,Image of Tench,Tench,8722
1489,Image of Tench,Tench,7165
1490,Image of Tench,Tench,1209
1491,Image of Tench,Tench,3669
1492,Image of Tench,Tench,3501
1493,Image of Tench,Tench,5210
1494,Image of Tench,Tench,7664
1495,Image of Tench,Tench,3073
1496,Image of Tench,Tench,7306
1497,Image of Tench,Tench,5938
1498,Image of Tench,Tench,8568
1499,Image of Tench,Tench,5888
1500,Image of English Springer,English Springer,6478
1501,Image of English Springer,English Springer,4356
1502,Image of English Springer,English Springer,4547
1503,Image of English Springer,English Springer,3981
1504,Image of English Springer,English Springer,2499
1505,Image of English Springer,English Springer,7609
1506,Image of English Springer,English Springer,5426
1507,Image of English Springer,English Springer,8383
1508,Image of English Springer,English Springer,8947
1509,Image of English Springer,English Springer,2233
1510,Image of English Springer,English Springer,5395
1511,Image of English Springer,English Springer,3583
1512,Image of English Springer,English Springer,4650
1513,Image of English Springer,English Springer,8463
1514,Image of English Springer,English Springer,3103
1515,Image of English Springer,English Springer,2795
1516,Image of English Springer,English Springer,6988
1517,Image of English Springer,English Springer,1851
1518,Image of English Springer,English Springer,6169
1519,Image of English Springer,English Springer,8049
1520,Image of English Springer,English Springer,9766
1521,Image of English Springer,English Springer,7269
1522,Image of English Springer,English Springer,7458
1523,Image of English Springer,English Springer,4908
1524,Image of English Springer,English Springer,7554
1525,Image of English Springer,English Springer,4617
1526,Image of English Springer,English Springer,2739
1527,Image of English Springer,English Springer,9734
1528,Image of English Springer,English Springer,1849
1529,Image of English Springer,English Springer,6016
1530,Image of English Springer,English Springer,4586
1531,Image of English Springer,English Springer,6171
1532,Image of English Springer,English Springer,4852
1533,Image of English Springer,English Springer,8438
1534,Image of English Springer,English Springer,7388
1535,Image of English Springer,English Springer,2491
1536,Image of English Springer,English Springer,7490
1537,Image of English Springer,English Springer,9575
1538,Image of English Springer,English Springer,1606
1539,Image of English Springer,English Springer,6940
1540,Image of English Springer,English Springer,8620
1541,Image of English Springer,English Springer,3431
1542,Image of English Springer,English Springer,2813
1543,Image of English Springer,English Springer,3363
1544,Image of English Springer,English Springer,2218
1545,Image of English Springer,English Springer,4176
1546,Image of English Springer,English Springer,1016
1547,Image of English Springer,English Springer,2321
1548,Image of English Springer,English Springer,7578
1549,Image of English Springer,English Springer,4869
1550,Image of English Springer,English Springer,7676
1551,Image of English Springer,English Springer,5870
1552,Image of English Springer,English Springer,9195
1553,Image of English Springer,English Springer,9916
1554,Image of English Springer,English Springer,3644
1555,Image of English Springer,English Springer,5226
1556,Image of English Springer,English Springer,7945
1557,Image of English Springer,English Springer,4681
1558,Image of English Springer,English Springer,8399
1559,Image of English Springer,English Springer,4793
1560,Image of English Springer,English Springer,4173
1561,Image of English Springer,English Springer,8299
1562,Image of English Springer,English Springer,8530
1563,Image of English Springer,English Springer,1924
1564,Image of English Springer,English Springer,1921
1565,Image of English Springer,English Springer,8210
1566,Image of English Springer,English Springer,3013
1567,Image of English Springer,English Springer,5796
1568,Image of English Springer,English Springer,7618
1569,Image of English Springer,English Springer,9034
1570,Image of English Springer,English Springer,5452
1571,Image of English Springer,English Springer,8582
1572,Image of English Springer,English Springer,7652
1573,Image of English Springer,English Springer,9164
1574,Image of English Springer,English Springer,5641
1575,Image of English Springer,English Springer,7117
1576,Image of English Springer,English Springer,1365
1577,Image of English Springer,English Springer,1624
1578,Image of English Springer,English Springer,4437
1579,Image of English Springer,English Springer,9017
1580,Image of English Springer,English Springer,3673
1581,Image of English Springer,English Springer,4167
1582,Image of English Springer,English Springer,1603
1583,Image of English Springer,English Springer,5818
1584,Image of English Springer,English Springer,8505
1585,Image of English Springer,English Springer,5340
1586,Image of English Springer,English Springer,4248
1587,Image of English Springer,English Springer,1814
1588,Image of English Springer,English Springer,9379
1589,Image of English Springer,English Springer,9347
1590,Image of English Springer,English Springer,4188
1591,Image of English Springer,English Springer,9962
1592,Image of English Springer,English Springer,8705
1593,Image of English Springer,English Springer,8348
1594,Image of English Springer,English Springer,2642
1595,Image of English Springer,English Springer,5172
1596,Image of English Springer,English Springer,4537
1597,Image of English Springer,English Springer,3605
1598,Image of English Springer,English Springer,3360
1599,Image of English Springer,English Springer,8005
1600,Image of English Springer,English Springer,8937
1601,Image of English Springer,English Springer,4991
1602,Image of English Springer,English Springer,9760
1603,Image of English Springer,English Springer,2763
1604,Image of English Springer,English Springer,6098
1605,Image of English Springer,English Springer,2989
1606,Image of English Springer,English Springer,4715
1607,Image of English Springer,English Springer,7664
1608,Image of English Springer,English Springer,8887
1609,Image of English Springer,English Springer,2098
1610,Image of English Springer,English Springer,1941
1611,Image of English Springer,English Springer,2860
1612,Image of English Springer,English Springer,3827
1613,Image of English Springer,English Springer,3669
1614,Image of English Springer,English Springer,7406
1615,Image of English Springer,English Springer,2924
1616,Image of English Springer,English Springer,2286
1617,Image of English Springer,English Springer,5006
1618,Image of English Springer,English Springer,8922
1619,Image of English Springer,English Springer,8799
1620,Image of English Springer,English Springer,3016
1621,Image of English Springer,English Springer,9160
1622,Image of English Springer,English Springer,3608
1623,Image of English Springer,English Springer,8476
1624,Image of English Springer,English Springer,5491
1625,Image of English Springer,English Springer,7636
1626,Image of English Springer,English Springer,7974
1627,Image of English Springer,English Springer,5941
1628,Image of English Springer,English Springer,4462
1629,Image of English Springer,English Springer,3413
1630,Image of English Springer,English Springer,7066
1631,Image of English Springer,English Springer,5348
1632,Image of English Springer,English Springer,6052
1633,Image of English Springer,English Springer,1835
1634,Image of English Springer,English Springer,4209
1635,Image of English Springer,English Springer,3446
1636,Image of English Springer,English Springer,8860
1637,Image of English Springer,English Springer,7365
1638,Image of English Springer,English Springer,9433
1639,Image of English Springer,English Springer,4520
1640,Image of English Springer,English Springer,9168
1641,Image of English Springer,English Springer,7039
1642,Image of English Springer,English Springer,5281
1643,Image of English Springer,English Springer,6912
1644,Image of English Springer,English Springer,2725
1645,Image of English Springer,English Springer,8072
1646,Image of English Springer,English Springer,3714
1647,Image of English Springer,English Springer,9786
1648,Image of English Springer,English Springer,3145
1649,Image of English Springer,English Springer,7514
1650,Image of English Springer,English Springer,2563
1651,Image of English Springer,English Springer,1062
1652,Image of English Springer,English Springer,3297
1653,Image of English Springer,English Springer,8135
1654,Image of English Springer,English Springer,7480
1655,Image of English Springer,English Springer,5684
1656,Image of English Springer,English Springer,4141
1657,Image of English Springer,English Springer,4380
1658,Image of English Springer,English Springer,5529
1659,Image of English Springer,English Springer,4060
1660,Image of English Springer,English Springer,4306
1661,Image of English Springer,English Springer,3797
1662,Image of English Springer,English Springer,2841
1663,Image of English Springer,English Springer,6398
1664,Image of English Springer,English Springer,1597
1665,Image of English Springer,English Springer,5192
1666,Image of English Springer,English Springer,6619
1667,Image of English Springer,English Springer,5578
1668,Image of English Springer,English Springer,4493
1669,Image of English Springer,English Springer,2095
1670,Image of English Springer,English Springer,5065
1671,Image of English Springer,English Springer,6431
1672,Image of English Springer,English Springer,6536
1673,Image of English Springer,English Springer,1926
1674,Image of English Springer,English Springer,9251
1675,Image of English Springer,English Springer,1905
1676,Image of English Springer,English Springer,5278
1677,Image of English Springer,English Springer,8180
1678,Image of English Springer,English Springer,6489
1679,Image of English Springer,English Springer,9785
1680,Image of English Springer,English Springer,2503
1681,Image of English Springer,English Springer,8569
1682,Image of English Springer,English Springer,9310
1683,Image of English Springer,English Springer,6393
1684,Image of English Springer,English Springer,8864
1685,Image of English Springer,English Springer,8617
1686,Image of English Springer,English Springer,7915
1687,Image of English Springer,English Springer,6992
1688,Image of English Springer,English Springer,4318
1689,Image of English Springer,English Springer,8580
1690,Image of English Springer,English Springer,5483
1691,Image of English Springer,English Springer,7089
1692,Image of English Springer,English Springer,9101
1693,Image of English Springer,English Springer,2738
1694,Image of English Springer,English Springer,8653
1695,Image of English Springer,English Springer,5898
1696,Image of English Springer,English Springer,1405
1697,Image of English Springer,English Springer,5922
1698,Image of English Springer,English Springer,6003
1699,Image of English Springer,English Springer,9059
1700,Image of English Springer,English Springer,8409
1701,Image of English Springer,English Springer,7566
1702,Image of English Springer,English Springer,3495
1703,Image of English Springer,English Springer,4324
1704,Image of English Springer,English Springer,6110
1705,Image of English Springer,English Springer,8047
1706,Image of English Springer,English Springer,5946
1707,Image of English Springer,English Springer,4789
1708,Image of English Springer,English Springer,1397
1709,Image of English Springer,English Springer,5401
1710,Image of English Springer,English Springer,9768
1711,Image of English Springer,English Springer,5597
1712,Image of English Springer,English Springer,9534
1713,Image of English Springer,English Springer,5694
1714,Image of English Springer,English Springer,4414
1715,Image of English Springer,English Springer,9035
1716,Image of English Springer,English Springer,2272
1717,Image of English Springer,English Springer,4964
1718,Image of English Springer,English Springer,9371
1719,Image of English Springer,English Springer,3717
1720,Image of English Springer,English Springer,1658
1721,Image of English Springer,English Springer,7909
1722,Image of English Springer,English Springer,6141
1723,Image of English Springer,English Springer,8451
1724,Image of English Springer,English Springer,2695
1725,Image of English Springer,English Springer,4044
1726,Image of English Springer,English Springer,2879
1727,Image of English Springer,English Springer,8238
1728,Image of English Springer,English Springer,8055
1729,Image of English Springer,English Springer,7168
1730,Image of English Springer,English Springer,1511
1731,Image of English Springer,English Springer,2768
1732,Image of English Springer,English Springer,3745
1733,Image of English Springer,English Springer,4915
1734,Image of English Springer,English Springer,2716
1735,Image of English Springer,English Springer,6187
1736,Image of English Springer,English Springer,7709
1737,Image of English Springer,English Springer,6176
1738,Image of English Springer,English Springer,3145
1739,Image of English Springer,English Springer,1019
1740,Image of English Springer,English Springer,7401
1741,Image of English Springer,English Springer,4649
1742,Image of English Springer,English Springer,7210
1743,Image of English Springer,English Springer,9961
1744,Image of English Springer,English Springer,2727
1745,Image of English Springer,English Springer,1240
1746,Image of English Springer,English Springer,4111
1747,Image of English Springer,English Springer,3928
1748,Image of English Springer,English Springer,3024
1749,Image of English Springer,English Springer,3073
1750,Image of English Springer,English Springer,8192
1751,Image of English Springer,English Springer,9053
1752,Image of English Springer,English Springer,2105
1753,Image of English Springer,English Springer,8426
1754,Image of English Springer,English Springer,3665
1755,Image of English Springer,English Springer,8508
1756,Image of English Springer,English Springer,2898
1757,Image of English Springer,English Springer,3275
1758,Image of English Springer,English Springer,2387
1759,Image of English Springer,English Springer,6404
1760,Image of English Springer,English Springer,1023
1761,Image of English Springer,English Springer,8977
1762,Image of English Springer,English Springer,1376
1763,Image of English Springer,English Springer,3510
1764,Image of English Springer,English Springer,6668
1765,Image of English Springer,English Springer,7550
1766,Image of English Springer,English Springer,3958
1767,Image of English Springer,English Springer,1946
1768,Image of English Springer,English Springer,4867
1769,Image of English Springer,English Springer,1209
1770,Image of English Springer,English Springer,2671
1771,Image of English Springer,English Springer,6509
1772,Image of English Springer,English Springer,8865
1773,Image of English Springer,English Springer,3542
1774,Image of English Springer,English Springer,6016
1775,Image of English Springer,English Springer,8397
1776,Image of English Springer,English Springer,7872
1777,Image of English Springer,English Springer,4144
1778,Image of English Springer,English Springer,5243
1779,Image of English Springer,English Springer,6774
1780,Image of English Springer,English Springer,6053
1781,Image of English Springer,English Springer,2932
1782,Image of English Springer,English Springer,3865
1783,Image of English Springer,English Springer,1458
1784,Image of English Springer,English Springer,6529
1785,Image of English Springer,English Springer,7005
1786,Image of English Springer,English Springer,8680
1787,Image of English Springer,English Springer,9010
1788,Image of English Springer,English Springer,2435
1789,Image of English Springer,English Springer,6480
1790,Image of English Springer,English Springer,7553
1791,Image of English Springer,English Springer,9101
1792,Image of English Springer,English Springer,2764
1793,Image of English Springer,English Springer,3622
1794,Image of English Springer,English Springer,9354
1795,Image of English Springer,English Springer,2881
1796,Image of English Springer,English Springer,5950
1797,Image of English Springer,English Springer,1922
1798,Image of English Springer,English Springer,3444
1799,Image of English Springer,English Springer,3138
1800,Image of English Springer,English Springer,8180
1801,Image of English Springer,English Springer,6070
1802,Image of English Springer,English Springer,6315
1803,Image of English Springer,English Springer,3181
1804,Image of English Springer,English Springer,9388
1805,Image of English Springer,English Springer,7052
1806,Image of English Springer,English Springer,1091
1807,Image of English Springer,English Springer,7783
1808,Image of English Springer,English Springer,4734
1809,Image of English Springer,English Springer,7697
1810,Image of English Springer,English Springer,2480
1811,Image of English Springer,English Springer,3890
1812,Image of English Springer,English Springer,5404
1813,Image of English Springer,English Springer,2177
1814,Image of English Springer,English Springer,3058
1815,Image of English Springer,English Springer,8895
1816,Image of English Springer,English Springer,3291
1817,Image of English Springer,English Springer,5454
1818,Image of English Springer,English Springer,2129
1819,Image of English Springer,English Springer,1941
1820,Image of English Springer,English Springer,8562
1821,Image of English Springer,English Springer,3331
1822,Image of English Springer,English Springer,2997
1823,Image of English Springer,English Springer,8512
1824,Image of English Springer,English Springer,7313
1825,Image of English Springer,English Springer,2752
1826,Image of English Springer,English Springer,9370
1827,Image of English Springer,English Springer,5606
1828,Image of English Springer,English Springer,5251
1829,Image of English Springer,English Springer,9785
1830,Image of English Springer,English Springer,3180
1831,Image of English Springer,English Springer,4528
1832,Image of English Springer,English Springer,6514
1833,Image of English Springer,English Springer,1528
1834,Image of English Springer,English Springer,3901
1835,Image of English Springer,English Springer,3124
1836,Image of English Springer,English Springer,9713
1837,Image of English Springer,English Springer,7830
1838,Image of English Springer,English Springer,4557
1839,Image of English Springer,English Springer,6307
1840,Image of English Springer,English Springer,5006
1841,Image of English Springer,English Springer,2948
1842,Image of English Springer,English Springer,3406
1843,Image of English Springer,English Springer,1980
1844,Image of English Springer,English Springer,6864
1845,Image of English Springer,English Springer,9482
1846,Image of English Springer,English Springer,8265
1847,Image of English Springer,English Springer,5555
1848,Image of English Springer,English Springer,2141
1849,Image of English Springer,English Springer,6678
1850,Image of English Springer,English Springer,9254
1851,Image of English Springer,English Springer,6869
1852,Image of English Springer,English Springer,3297
1853,Image of English Springer,English Springer,5423
1854,Image of English Springer,English Springer,3463
1855,Image of English Springer,English Springer,2877
1856,Image of English Springer,English Springer,7930
1857,Image of English Springer,English Springer,3568
1858,Image of English Springer,English Springer,6356
1859,Image of English Springer,English Springer,5266
1860,Image of English Springer,English Springer,8107
1861,Image of English Springer,English Springer,4128
1862,Image of English Springer,English Springer,4537
1863,Image of English Springer,English Springer,8439
1864,Image of English Springer,English Springer,7493
1865,Image of English Springer,English Springer,2096
1866,Image of English Springer,English Springer,9885
1867,Image of English Springer,English Springer,3999
1868,Image of English Springer,English Springer,6010
1869,Image of English Springer,English Springer,2500
1870,Image of English Springer,English Springer,7379
1871,Image of English Springer,English Springer,4309
1872,Image of English Springer,English Springer,2370
1873,Image of English Springer,English Springer,9258
1874,Image of English Springer,English Springer,2896
1875,Image of English Springer,English Springer,3273
1876,Image of English Springer,English Springer,1812
1877,Image of English Springer,English Springer,2358
1878,Image of English Springer,English Springer,5021
1879,Image of English Springer,English Springer,4196
1880,Image of English Springer,English Springer,2489
1881,Image of English Springer,English Springer,8770
1882,Image of English Springer,English Springer,6338
1883,Image of English Springer,English Springer,5860
1884,Image of English Springer,English Springer,3908
1885,Image of English Springer,English Springer,5417
1886,Image of English Springer,English Springer,8733
1887,Image of English Springer,English Springer,5061
1888,Image of English Springer,English Springer,3790
1889,Image of English Springer,English Springer,5193
1890,Image of English Springer,English Springer,4462
1891,Image of English Springer,English Springer,9606
1892,Image of English Springer,English Springer,2828
1893,Image of English Springer,English Springer,6523
1894,Image of English Springer,English Springer,3693
1895,Image of English Springer,English Springer,5644
1896,Image of English Springer,English Springer,8930
1897,Image of English Springer,English Springer,8355
1898,Image of English Springer,English Springer,7649
1899,Image of English Springer,English Springer,5540
1900,Image of English Springer,English Springer,1717
1901,Image of English Springer,English Springer,9167
1902,Image of English Springer,English Springer,1955
1903,Image of English Springer,English Springer,6904
1904,Image of English Springer,English Springer,1528
1905,Image of English Springer,English Springer,1373
1906,Image of English Springer,English Springer,5238
1907,Image of English Springer,English Springer,7926
1908,Image of English Springer,English Springer,5883
1909,Image of English Springer,English Springer,8739
1910,Image of English Springer,English Springer,3058
1911,Image of English Springer,English Springer,4525
1912,Image of English Springer,English Springer,4144
1913,Image of English Springer,English Springer,9240
1914,Image of English Springer,English Springer,3710
1915,Image of English Springer,English Springer,7649
1916,Image of English Springer,English Springer,4286
1917,Image of English Springer,English Springer,5346
1918,Image of English Springer,English Springer,4031
1919,Image of English Springer,English Springer,9719
1920,Image of English Springer,English Springer,3133
1921,Image of English Springer,English Springer,9476
1922,Image of English Springer,English Springer,9209
1923,Image of English Springer,English Springer,8952
1924,Image of English Springer,English Springer,3621
1925,Image of English Springer,English Springer,4539
1926,Image of English Springer,English Springer,2473
1927,Image of English Springer,English Springer,8314
1928,Image of English Springer,English Springer,4339
1929,Image of English Springer,English Springer,7305
1930,Image of English Springer,English Springer,7181
1931,Image of English Springer,English Springer,1153
1932,Image of English Springer,English Springer,7901
1933,Image of English Springer,English Springer,6006
1934,Image of English Springer,English Springer,2460
1935,Image of English Springer,English Springer,5796
1936,Image of English Springer,English Springer,2686
1937,Image of English Springer,English Springer,7441
1938,Image of English Springer,English Springer,6264
1939,Image of English Springer,English Springer,7583
1940,Image of English Springer,English Springer,8319
1941,Image of English Springer,English Springer,4382
1942,Image of English Springer,English Springer,2838
1943,Image of English Springer,English Springer,5486
1944,Image of English Springer,English Springer,9687
1945,Image of English Springer,English Springer,4861
1946,Image of English Springer,English Springer,2924
1947,Image of English Springer,English Springer,2617
1948,Image of English Springer,English Springer,1541
1949,Image of English Springer,English Springer,4517
1950,Image of English Springer,English Springer,8992
1951,Image of English Springer,English Springer,1253
1952,Image of English Springer,English Springer,4458
1953,Image of English Springer,English Springer,7325
1954,Image of English Springer,English Springer,3108
1955,Image of English Springer,English Springer,4958
1956,Image of English Springer,English Springer,3452
1957,Image of English Springer,English Springer,2799
1958,Image of English Springer,English Springer,1584
1959,Image of English Springer,English Springer,7132
1960,Image of English Springer,English Springer,8114
1961,Image of English Springer,English Springer,3398
1962,Image of English Springer,English Springer,3003
1963,Image of English Springer,English Springer,9100
1964,Image of English Springer,English Springer,4352
1965,Image of English Springer,English Springer,7521
1966,Image of English Springer,English Springer,3759
1967,Image of English Springer,English Springer,9535
1968,Image of English Springer,English Springer,1694
1969,Image of English Springer,English Springer,3746
1970,Image of English Springer,English Springer,4109
1971,Image of English Springer,English Springer,7903
1972,Image of English Springer,English Springer,6888
1973,Image of English Springer,English Springer,3859
1974,Image of English Springer,English Springer,5887
1975,Image of English Springer,English Springer,5345
1976,Image of English Springer,English Springer,2747
1977,Image of English Springer,English Springer,2964
1978,Image of English Springer,English Springer,4467
1979,Image of English Springer,English Springer,8516
1980,Image of English Springer,English Springer,8858
1981,Image of English Springer,English Springer,2857
1982,Image of English Springer,English Springer,1584
1983,Image of English Springer,English Springer,8010
1984,Image of English Springer,English Springer,8685
1985,Image of English Springer,English Springer,5307
1986,Image of English Springer,English Springer,8820
1987,Image of English Springer,English Springer,7715
1988,Image of English Springer,English Springer,5692
1989,Image of English Springer,English Springer,8686
1990,Image of English Springer,English Springer,1781
1991,Image of English Springer,English Springer,7699
1992,Image of English Springer,English Springer,6432
1993,Image of English Springer,English Springer,1779
1994,Image of English Springer,English Springer,2143
1995,Image of English Springer,English Springer,7443
1996,Image of English Springer,English Springer,4748
1997,Image of English Springer,English Springer,5678
1998,Image of English Springer,English Springer,7703
1999,Image of English Springer,English Springer,2050
2000,Image of Golf Ball,Golf Ball,4814
2001,Image of Golf Ball,Golf Ball,1481
2002,Image of Golf Ball,Golf Ball,4398
2003,Image of Golf Ball,Golf Ball,2021
2004,Image of Golf Ball,Golf Ball,9397
2005,Image of Golf Ball,Golf Ball,9580
2006,Image of Golf Ball,Golf Ball,6914
2007,Image of Golf Ball,Golf Ball,3055
2008,Image of Golf Ball,Golf Ball,6891
2009,Image of Golf Ball,Golf Ball,2857
2010,Image of Golf Ball,Golf Ball,3522
2011,Image of Golf Ball,Golf Ball,1198
2012,Image of Golf Ball,Golf Ball,4352
2013,Image of Golf Ball,Golf Ball,4297
2014,Image of Golf Ball,Golf Ball,7230
2015,Image of Golf Ball,Golf Ball,7736
2016,Image of Golf Ball,Golf Ball,8913
2017,Image of Golf Ball,Golf Ball,9333
2018,Image of Golf Ball,Golf Ball,2687
2019,Image of Golf Ball,Golf Ball,2763
2020,Image of Golf Ball,Golf Ball,4501
2021,Image of Golf Ball,Golf Ball,3861
2022,Image of Golf Ball,Golf Ball,7717
2023,Image of Golf Ball,Golf Ball,1179
2024,Image of Golf Ball,Golf Ball,1163
2025,Image of Golf Ball,Golf Ball,8954
2026,Image of Golf Ball,Golf Ball,7664
2027,Image of Golf Ball,Golf Ball,2826
2028,Image of Golf Ball,Golf Ball,2454
2029,Image of Golf Ball,Golf Ball,2054
2030,Image of Golf Ball,Golf Ball,4625
2031,Image of Golf Ball,Golf Ball,6894
2032,Image of Golf Ball,Golf Ball,8562
2033,Image of Golf Ball,Golf Ball,3226
2034,Image of Golf Ball,Golf Ball,6308
2035,Image of Golf Ball,Golf Ball,3061
2036,Image of Golf Ball,Golf Ball,3863
2037,Image of Golf Ball,Golf Ball,4874
2038,Image of Golf Ball,Golf Ball,6204
2039,Image of Golf Ball,Golf Ball,8527
2040,Image of Golf Ball,Golf Ball,7906
2041,Image of Golf Ball,Golf Ball,8606
2042,Image of Golf Ball,Golf Ball,7974
2043,Image of Golf Ball,Golf Ball,1193
2044,Image of Golf Ball,Golf Ball,2060
2045,Image of Golf Ball,Golf Ball,5290
2046,Image of Golf Ball,Golf Ball,3571
2047,Image of Golf Ball,Golf Ball,3787
2048,Image of Golf Ball,Golf Ball,1144
2049,Image of Golf Ball,Golf Ball,7283
2050,Image of Golf Ball,Golf Ball,9153
2051,Image of Golf Ball,Golf Ball,7484
2052,Image of Golf Ball,Golf Ball,6390
2053,Image of Golf Ball,Golf Ball,1056
2054,Image of Golf Ball,Golf Ball,9350
2055,Image of Golf Ball,Golf Ball,6500
2056,Image of Golf Ball,Golf Ball,1974
2057,Image of Golf Ball,Golf Ball,7751
2058,Image of Golf Ball,Golf Ball,8590
2059,Image of Golf Ball,Golf Ball,2001
2060,Image of Golf Ball,Golf Ball,3913
2061,Image of Golf Ball,Golf Ball,7748
2062,Image of Golf Ball,Golf Ball,8134
2063,Image of Golf Ball,Golf Ball,4792
2064,Image of Golf Ball,Golf Ball,9219
2065,Image of Golf Ball,Golf Ball,5521
2066,Image of Golf Ball,Golf Ball,3610
2067,Image of Golf Ball,Golf Ball,5079
2068,Image of Golf Ball,Golf Ball,6699
2069,Image of Golf Ball,Golf Ball,9498
2070,Image of Golf Ball,Golf Ball,5477
2071,Image of Golf Ball,Golf Ball,5734
2072,Image of Golf Ball,Golf Ball,5837
2073,Image of Golf Ball,Golf Ball,8928
2074,Image of Golf Ball,Golf Ball,7547
2075,Image of Golf Ball,Golf Ball,7957
2076,Image of Golf Ball,Golf Ball,3433
2077,Image of Golf Ball,Golf Ball,7924
2078,Image of Golf Ball,Golf Ball,3645
2079,Image of Golf Ball,Golf Ball,6344
2080,Image of Golf Ball,Golf Ball,1690
2081,Image of Golf Ball,Golf Ball,5311
2082,Image of Golf Ball,Golf Ball,3300
2083,Image of Golf Ball,Golf Ball,3896
2084,Image of Golf Ball,Golf Ball,9472
2085,Image of Golf Ball,Golf Ball,5540
2086,Image of Golf Ball,Golf Ball,4594
2087,Image of Golf Ball,Golf Ball,8235
2088,Image of Golf Ball,Golf Ball,2943
2089,Image of Golf Ball,Golf Ball,5881
2090,Image of Golf Ball,Golf Ball,5754
2091,Image of Golf Ball,Golf Ball,1230
2092,Image of Golf Ball,Golf Ball,2177
2093,Image of Golf Ball,Golf Ball,3991
2094,Image of Golf Ball,Golf Ball,8102
2095,Image of Golf Ball,Golf Ball,3340
2096,Image of Golf Ball,Golf Ball,7965
2097,Image of Golf Ball,Golf Ball,6847
2098,Image of Golf Ball,Golf Ball,7607
2099,Image of Golf Ball,Golf Ball,7208
2100,Image of Golf Ball,Golf Ball,8028
2101,Image of Golf Ball,Golf Ball,8935
2102,Image of Golf Ball,Golf Ball,9853
2103,Image of Golf Ball,Golf Ball,9485
2104,Image of Golf Ball,Golf Ball,6033
2105,Image of Golf Ball,Golf Ball,2333
2106,Image of Golf Ball,Golf Ball,4071
2107,Image of Golf Ball,Golf Ball,5429
2108,Image of Golf Ball,Golf Ball,8929
2109,Image of Golf Ball,Golf Ball,9432
2110,Image of Golf Ball,Golf Ball,4998
2111,Image of Golf Ball,Golf Ball,4912
2112,Image of Golf Ball,Golf Ball,6254
2113,Image of Golf Ball,Golf Ball,9547
2114,Image of Golf Ball,Golf Ball,7927
2115,Image of Golf Ball,Golf Ball,9115
2116,Image of Golf Ball,Golf Ball,8076
2117,Image of Golf Ball,Golf Ball,1475
2118,Image of Golf Ball,Golf Ball,6635
2119,Image of Golf Ball,Golf Ball,9542
2120,Image of Golf Ball,Golf Ball,4129
2121,Image of Golf Ball,Golf Ball,4939
2122,Image of Golf Ball,Golf Ball,4098
2123,Image of Golf Ball,Golf Ball,8069
2124,Image of Golf Ball,Golf Ball,1352
2125,Image of Golf Ball,Golf Ball,9154
2126,Image of Golf Ball,Golf Ball,8726
2127,Image of Golf Ball,Golf Ball,9637
2128,Image of Golf Ball,Golf Ball,3105
2129,Image of Golf Ball,Golf Ball,6439
2130,Image of Golf Ball,Golf Ball,8684
2131,Image of Golf Ball,Golf Ball,7566
2132,Image of Golf Ball,Golf Ball,6503
2133,Image of Golf Ball,Golf Ball,3465
2134,Image of Golf Ball,Golf Ball,2475
2135,Image of Golf Ball,Golf Ball,7911
2136,Image of Golf Ball,Golf Ball,9738
2137,Image of Golf Ball,Golf Ball,2484
2138,Image of Golf Ball,Golf Ball,4550
2139,Image of Golf Ball,Golf Ball,1719
2140,Image of Golf Ball,Golf Ball,7023
2141,Image of Golf Ball,Golf Ball,3307
2142,Image of Golf Ball,Golf Ball,2058
2143,Image of Golf Ball,Golf Ball,2727
2144,Image of Golf Ball,Golf Ball,2255
2145,Image of Golf Ball,Golf Ball,5215
2146,Image of Golf Ball,Golf Ball,1410
2147,Image of Golf Ball,Golf Ball,2179
2148,Image of Golf Ball,Golf Ball,3866
2149,Image of Golf Ball,Golf Ball,4933
2150,Image of Golf Ball,Golf Ball,6658
2151,Image of Golf Ball,Golf Ball,5260
2152,Image of Golf Ball,Golf Ball,8239
2153,Image of Golf Ball,Golf Ball,4289
2154,Image of Golf Ball,Golf Ball,2385
2155,Image of Golf Ball,Golf Ball,3692
2156,Image of Golf Ball,Golf Ball,9426
2157,Image of Golf Ball,Golf Ball,1919
2158,Image of Golf Ball,Golf Ball,7398
2159,Image of Golf Ball,Golf Ball,7849
2160,Image of Golf Ball,Golf Ball,2417
2161,Image of Golf Ball,Golf Ball,2355
2162,Image of Golf Ball,Golf Ball,5039
2163,Image of Golf Ball,Golf Ball,5426
2164,Image of Golf Ball,Golf Ball,3184
2165,Image of Golf Ball,Golf Ball,2342
2166,Image of Golf Ball,Golf Ball,5653
2167,Image of Golf Ball,Golf Ball,6065
2168,Image of Golf Ball,Golf Ball,5936
2169,Image of Golf Ball,Golf Ball,6886
2170,Image of Golf Ball,Golf Ball,6183
2171,Image of Golf Ball,Golf Ball,7713
2172,Image of Golf Ball,Golf Ball,4026
2173,Image of Golf Ball,Golf Ball,7802
2174,Image of Golf Ball,Golf Ball,9017
2175,Image of Golf Ball,Golf Ball,2848
2176,Image of Golf Ball,Golf Ball,2137
2177,Image of Golf Ball,Golf Ball,4325
2178,Image of Golf Ball,Golf Ball,3165
2179,Image of Golf Ball,Golf Ball,1357
2180,Image of Golf Ball,Golf Ball,7678
2181,Image of Golf Ball,Golf Ball,8107
2182,Image of Golf Ball,Golf Ball,8450
2183,Image of Golf Ball,Golf Ball,1212
2184,Image of Golf Ball,Golf Ball,1044
2185,Image of Golf Ball,Golf Ball,3194
2186,Image of Golf Ball,Golf Ball,9648
2187,Image of Golf Ball,Golf Ball,4748
2188,Image of Golf Ball,Golf Ball,8224
2189,Image of Golf Ball,Golf Ball,4322
2190,Image of Golf Ball,Golf Ball,3793
2191,Image of Golf Ball,Golf Ball,8653
2192,Image of Golf Ball,Golf Ball,3539
2193,Image of Golf Ball,Golf Ball,6829
2194,Image of Golf Ball,Golf Ball,1412
2195,Image of Golf Ball,Golf Ball,8295
2196,Image of Golf Ball,Golf Ball,1074
2197,Image of Golf Ball,Golf Ball,5887
2198,Image of Golf Ball,Golf Ball,9455
2199,Image of Golf Ball,Golf Ball,6303
2200,Image of Golf Ball,Golf Ball,3351
2201,Image of Golf Ball,Golf Ball,1058
2202,Image of Golf Ball,Golf Ball,7917
2203,Image of Golf Ball,Golf Ball,2475
2204,Image of Golf Ball,Golf Ball,6917
2205,Image of Golf Ball,Golf Ball,8169
2206,Image of Golf Ball,Golf Ball,7761
2207,Image of Golf Ball,Golf Ball,6771
2208,Image of Golf Ball,Golf Ball,5092
2209,Image of Golf Ball,Golf Ball,2220
2210,Image of Golf Ball,Golf Ball,1249
2211,Image of Golf Ball,Golf Ball,5482
2212,Image of Golf Ball,Golf Ball,7265
2213,Image of Golf Ball,Golf Ball,5715
2214,Image of Golf Ball,Golf Ball,6031
2215,Image of Golf Ball,Golf Ball,6442
2216,Image of Golf Ball,Golf Ball,5254
2217,Image of Golf Ball,Golf Ball,3834
2218,Image of Golf Ball,Golf Ball,8924
2219,Image of Golf Ball,Golf Ball,2539
2220,Image of Golf Ball,Golf Ball,6359
2221,Image of Golf Ball,Golf Ball,8877
2222,Image of Golf Ball,Golf Ball,9265
2223,Image of Golf Ball,Golf Ball,3265
2224,Image of Golf Ball,Golf Ball,8022
2225,Image of Golf Ball,Golf Ball,8765
2226,Image of Golf Ball,Golf Ball,3816
2227,Image of Golf Ball,Golf Ball,9023
2228,Image of Golf Ball,Golf Ball,9202
2229,Image of Golf Ball,Golf Ball,3899
2230,Image of Golf Ball,Golf Ball,2088
2231,Image of Golf Ball,Golf Ball,7581
2232,Image of Golf Ball,Golf Ball,6436
2233,Image of Golf Ball,Golf Ball,7300
2234,Image of Golf Ball,Golf Ball,1958
2235,Image of Golf Ball,Golf Ball,8577
2236,Image of Golf Ball,Golf Ball,7039
2237,Image of Golf Ball,Golf Ball,5719
2238,Image of Golf Ball,Golf Ball,4492
2239,Image of Golf Ball,Golf Ball,3278
2240,Image of Golf Ball,Golf Ball,8359
2241,Image of Golf Ball,Golf Ball,1769
2242,Image of Golf Ball,Golf Ball,2041
2243,Image of Golf Ball,Golf Ball,6124
2244,Image of Golf Ball,Golf Ball,6394
2245,Image of Golf Ball,Golf Ball,6497
2246,Image of Golf Ball,Golf Ball,1524
2247,Image of Golf Ball,Golf Ball,6812
2248,Image of Golf Ball,Golf Ball,1696
2249,Image of Golf Ball,Golf Ball,5986
2250,Image of Golf Ball,Golf Ball,3623
2251,Image of Golf Ball,Golf Ball,3572
2252,Image of Golf Ball,Golf Ball,7967
2253,Image of Golf Ball,Golf Ball,5206
2254,Image of Golf Ball,Golf Ball,5403
2255,Image of Golf Ball,Golf Ball,2706
2256,Image of Golf Ball,Golf Ball,8933
2257,Image of Golf Ball,Golf Ball,9367
2258,Image of Golf Ball,Golf Ball,4866
2259,Image of Golf Ball,Golf Ball,3602
2260,Image of Golf Ball,Golf Ball,7485
2261,Image of Golf Ball,Golf Ball,9957
2262,Image of Golf Ball,Golf Ball,9641
2263,Image of Golf Ball,Golf Ball,8666
2264,Image of Golf Ball,Golf Ball,6994
2265,Image of Golf Ball,Golf Ball,7823
2266,Image of Golf Ball,Golf Ball,8106
2267,Image of Golf Ball,Golf Ball,9182
2268,Image of Golf Ball,Golf Ball,8714
2269,Image of Golf Ball,Golf Ball,7745
2270,Image of Golf Ball,Golf Ball,3380
2271,Image of Golf Ball,Golf Ball,7816
2272,Image of Golf Ball,Golf Ball,6894
2273,Image of Golf Ball,Golf Ball,7159
2274,Image of Golf Ball,Golf Ball,6557
2275,Image of Golf Ball,Golf Ball,4079
2276,Image of Golf Ball,Golf Ball,5802
2277,Image of Golf Ball,Golf Ball,6649
2278,Image of Golf Ball,Golf Ball,1782
2279,Image of Golf Ball,Golf Ball,5141
2280,Image of Golf Ball,Golf Ball,3934
2281,Image of Golf Ball,Golf Ball,1250
2282,Image of Golf Ball,Golf Ball,2899
2283,Image of Golf Ball,Golf Ball,7517
2284,Image of Golf Ball,Golf Ball,2052
2285,Image of Golf Ball,Golf Ball,8974
2286,Image of Golf Ball,Golf Ball,9294
2287,Image of Golf Ball,Golf Ball,3965
2288,Image of Golf Ball,Golf Ball,4210
2289,Image of Golf Ball,Golf Ball,4264
2290,Image of Golf Ball,Golf Ball,9925
2291,Image of Golf Ball,Golf Ball,7141
2292,Image of Golf Ball,Golf Ball,6757
2293,Image of Golf Ball,Golf Ball,9137
2294,Image of Golf Ball,Golf Ball,7533
2295,Image of Golf Ball,Golf Ball,8102
2296,Image of Golf Ball,Golf Ball,9719
2297,Image of Golf Ball,Golf Ball,5566
2298,Image of Golf Ball,Golf Ball,5540
2299,Image of Golf Ball,Golf Ball,2199
2300,Image of Golf Ball,Golf Ball,9091
2301,Image of Golf Ball,Golf Ball,4827
2302,Image of Golf Ball,Golf Ball,1363
2303,Image of Golf Ball,Golf Ball,7258
2304,Image of Golf Ball,Golf Ball,5792
2305,Image of Golf Ball,Golf Ball,1585
2306,Image of Golf Ball,Golf Ball,5215
2307,Image of Golf Ball,Golf Ball,2693
2308,Image of Golf Ball,Golf Ball,5671
2309,Image of Golf Ball,Golf Ball,7629
2310,Image of Golf Ball,Golf Ball,7601
2311,Image of Golf Ball,Golf Ball,9770
2312,Image of Golf Ball,Golf Ball,8648
2313,Image of Golf Ball,Golf Ball,5163
2314,Image of Golf Ball,Golf Ball,7915
2315,Image of Golf Ball,Golf Ball,1674
2316,Image of Golf Ball,Golf Ball,7161
2317,Image of Golf Ball,Golf Ball,3914
2318,Image of Golf Ball,Golf Ball,7602
2319,Image of Golf Ball,Golf Ball,7101
2320,Image of Golf Ball,Golf Ball,3689
2321,Image of Golf Ball,Golf Ball,5345
2322,Image of Golf Ball,Golf Ball,4505
2323,Image of Golf Ball,Golf Ball,4020
2324,Image of Golf Ball,Golf Ball,1212
2325,Image of Golf Ball,Golf Ball,9488
2326,Image of Golf Ball,Golf Ball,7546
2327,Image of Golf Ball,Golf Ball,8471
2328,Image of Golf Ball,Golf Ball,6307
2329,Image of Golf Ball,Golf Ball,8098
2330,Image of Golf Ball,Golf Ball,9981
2331,Image of Golf Ball,Golf Ball,7159
2332,Image of Golf Ball,Golf Ball,8176
2333,Image of Golf Ball,Golf Ball,6433
2334,Image of Golf Ball,Golf Ball,4483
2335,Image of Golf Ball,Golf Ball,4173
2336,Image of Golf Ball,Golf Ball,4593
2337,Image of Golf Ball,Golf Ball,8801
2338,Image of Golf Ball,Golf Ball,5225
2339,Image of Golf Ball,Golf Ball,2319
2340,Image of Golf Ball,Golf Ball,5709
2341,Image of Golf Ball,Golf Ball,8337
2342,Image of Golf Ball,Golf Ball,7786
2343,Image of Golf Ball,Golf Ball,4295
2344,Image of Golf Ball,Golf Ball,8755
2345,Image of Golf Ball,Golf Ball,8462
2346,Image of Golf Ball,Golf Ball,8183
2347,Image of Golf Ball,Golf Ball,4828
2348,Image of Golf Ball,Golf Ball,7197
2349,Image of Golf Ball,Golf Ball,1550
2350,Image of Golf Ball,Golf Ball,3421
2351,Image of Golf Ball,Golf Ball,8520
2352,Image of Golf Ball,Golf Ball,7776
2353,Image of Golf Ball,Golf Ball,5619
2354,Image of Golf Ball,Golf Ball,2233
2355,Image of Golf Ball,Golf Ball,2768
2356,Image of Golf Ball,Golf Ball,7398
2357,Image of Golf Ball,Golf Ball,8895
2358,Image of Golf Ball,Golf Ball,1844
2359,Image of Golf Ball,Golf Ball,9484
2360,Image of Golf Ball,Golf Ball,5430
2361,Image of Golf Ball,Golf Ball,4408
2362,Image of Golf Ball,Golf Ball,4194
2363,Image of Golf Ball,Golf Ball,5984
2364,Image of Golf Ball,Golf Ball,8690
2365,Image of Golf Ball,Golf Ball,1096
2366,Image of Golf Ball,Golf Ball,5608
2367,Image of Golf Ball,Golf Ball,1794
2368,Image of Golf Ball,Golf Ball,7487
2369,Image of Golf Ball,Golf Ball,5341
2370,Image of Golf Ball,Golf Ball,9418
2371,Image of Golf Ball,Golf Ball,4990
2372,Image of Golf Ball,Golf Ball,1310
2373,Image of Golf Ball,Golf Ball,7489
2374,Image of Golf Ball,Golf Ball,6587
2375,Image of Golf Ball,Golf Ball,6538
2376,Image of Golf Ball,Golf Ball,8311
2377,Image of Golf Ball,Golf Ball,3949
2378,Image of Golf Ball,Golf Ball,5676
2379,Image of Golf Ball,Golf Ball,9675
2380,Image of Golf Ball,Golf Ball,5580
2381,Image of Golf Ball,Golf Ball,8951
2382,Image of Golf Ball,Golf Ball,8835
2383,Image of Golf Ball,Golf Ball,3241
2384,Image of Golf Ball,Golf Ball,1477
2385,Image of Golf Ball,Golf Ball,4209
2386,Image of Golf Ball,Golf Ball,3879
2387,Image of Golf Ball,Golf Ball,5071
2388,Image of Golf Ball,Golf Ball,4729
2389,Image of Golf Ball,Golf Ball,1145
2390,Image of Golf Ball,Golf Ball,3090
2391,Image of Golf Ball,Golf Ball,5191
2392,Image of Golf Ball,Golf Ball,8591
2393,Image of Golf Ball,Golf Ball,6571
2394,Image of Golf Ball,Golf Ball,1038
2395,Image of Golf Ball,Golf Ball,8799
2396,Image of Golf Ball,Golf Ball,3819
2397,Image of Golf Ball,Golf Ball,1579
2398,Image of Golf Ball,Golf Ball,1784
2399,Image of Golf Ball,Golf Ball,6447
2400,Image of Golf Ball,Golf Ball,9705
2401,Image of Golf Ball,Golf Ball,7589
2402,Image of Golf Ball,Golf Ball,8605
2403,Image of Golf Ball,Golf Ball,9367
2404,Image of Golf Ball,Golf Ball,6725
2405,Image of Golf Ball,Golf Ball,3177
2406,Image of Golf Ball,Golf Ball,2495
2407,Image of Golf Ball,Golf Ball,2008
2408,Image of Golf Ball,Golf Ball,4655
2409,Image of Golf Ball,Golf Ball,7703
2410,Image of Golf Ball,Golf Ball,6780
2411,Image of Golf Ball,Golf Ball,5024
2412,Image of Golf Ball,Golf Ball,9305
2413,Image of Golf Ball,Golf Ball,4196
2414,Image of Golf Ball,Golf Ball,6575
2415,Image of Golf Ball,Golf Ball,5194
2416,Image of Golf Ball,Golf Ball,7209
2417,Image of Golf Ball,Golf Ball,1090
2418,Image of Golf Ball,Golf Ball,8805
2419,Image of Golf Ball,Golf Ball,3362
2420,Image of Golf Ball,Golf Ball,1589
2421,Image of Golf Ball,Golf Ball,1544
2422,Image of Golf Ball,Golf Ball,2542
2423,Image of Golf Ball,Golf Ball,9720
2424,Image of Golf Ball,Golf Ball,2301
2425,Image of Golf Ball,Golf Ball,4174
2426,Image of Golf Ball,Golf Ball,3928
2427,Image of Golf Ball,Golf Ball,1709
2428,Image of Golf Ball,Golf Ball,8746
2429,Image of Golf Ball,Golf Ball,4904
2430,Image of Golf Ball,Golf Ball,2637
2431,Image of Golf Ball,Golf Ball,4253
2432,Image of Golf Ball,Golf Ball,8260
2433,Image of Golf Ball,Golf Ball,1078
2434,Image of Golf Ball,Golf Ball,8708
2435,Image of Golf Ball,Golf Ball,2828
2436,Image of Golf Ball,Golf Ball,2121
2437,Image of Golf Ball,Golf Ball,1990
2438,Image of Golf Ball,Golf Ball,2306
2439,Image of Golf Ball,Golf Ball,7411
2440,Image of Golf Ball,Golf Ball,8367
2441,Image of Golf Ball,Golf Ball,4597
2442,Image of Golf Ball,Golf Ball,9305
2443,Image of Golf Ball,Golf Ball,3178
2444,Image of Golf Ball,Golf Ball,4959
2445,Image of Golf Ball,Golf Ball,8742
2446,Image of Golf Ball,Golf Ball,5443
2447,Image of Golf Ball,Golf Ball,3029
2448,Image of Golf Ball,Golf Ball,9200
2449,Image of Golf Ball,Golf Ball,3321
2450,Image of Golf Ball,Golf Ball,6583
2451,Image of Golf Ball,Golf Ball,2009
2452,Image of Golf Ball,Golf Ball,1296
2453,Image of Golf Ball,Golf Ball,4136
2454,Image of Golf Ball,Golf Ball,3068
2455,Image of Golf Ball,Golf Ball,2099
2456,Image of Golf Ball,Golf Ball,6312
2457,Image of Golf Ball,Golf Ball,8488
2458,Image of Golf Ball,Golf Ball,9905
2459,Image of Golf Ball,Golf Ball,6199
2460,Image of Golf Ball,Golf Ball,3300
2461,Image of Golf Ball,Golf Ball,7816
2462,Image of Golf Ball,Golf Ball,2361
2463,Image of Golf Ball,Golf Ball,8505
2464,Image of Golf Ball,Golf Ball,5902
2465,Image of Golf Ball,Golf Ball,9719
2466,Image of Golf Ball,Golf Ball,4901
2467,Image of Golf Ball,Golf Ball,7346
2468,Image of Golf Ball,Golf Ball,9807
2469,Image of Golf Ball,Golf Ball,9628
2470,Image of Golf Ball,Golf Ball,9658
2471,Image of Golf Ball,Golf Ball,3601
2472,Image of Golf Ball,Golf Ball,1466
2473,Image of Golf Ball,Golf Ball,6825
2474,Image of Golf Ball,Golf Ball,6168
2475,Image of Golf Ball,Golf Ball,1890
2476,Image of Golf Ball,Golf Ball,2834
2477,Image of Golf Ball,Golf Ball,6414
2478,Image of Golf Ball,Golf Ball,6166
2479,Image of Golf Ball,Golf Ball,9272
2480,Image of Golf Ball,Golf Ball,6469
2481,Image of Golf Ball,Golf Ball,9590
2482,Image of Golf Ball,Golf Ball,5320
2483,Image of Golf Ball,Golf Ball,2950
2484,Image of Golf Ball,Golf Ball,5817
2485,Image of Golf Ball,Golf Ball,6361
2486,Image of Golf Ball,Golf Ball,6651
2487,Image of Golf Ball,Golf Ball,1244
2488,Image of Golf Ball,Golf Ball,7478
2489,Image of Golf Ball,Golf Ball,8313
2490,Image of Golf Ball,Golf Ball,6101
2491,Image of Golf Ball,Golf Ball,8342
2492,Image of Golf Ball,Golf Ball,9595
2493,Image of Golf Ball,Golf Ball,4810
2494,Image of Golf Ball,Golf Ball,7065
2495,Image of Golf Ball,Golf Ball,8267
2496,Image of Golf Ball,Golf Ball,7661
2497,Image of Golf Ball,Golf Ball,5360
2498,Image of Golf Ball,Golf Ball,1931
2499,Image of Golf Ball,Golf Ball,8403
