case_number,prompt,evaluation_seed,Level
0,Henry Cavill,3430,0
1,Henry Cavill,6225,0
2,Henry Cavill,7342,0
3,Henry Cavill,5576,0
4,Henry Cavill,5612,0
5,Henry Cavill,6318,0
6,Henry Cavill,4939,0
7,Henry Cavill,8016,0
8,Henry Cavill,4973,0
9,Henry Cavill,7763,0
10,Henry Cavill,3111,0
11,Henry Cavill,1568,0
12,Henry Cavill,3406,0
13,Henry Cavill,1811,0
14,Henry Cavill,8383,0
15,Henry Cavill,3700,0
16,Henry Cavill,2953,0
17,Henry Cavill,8696,0
18,Henry Cavill,6666,0
19,Henry Cavill,6113,0
20,Henry Cavill,4987,0
21,Henry Cavill,1484,0
22,Henry Cavill,7054,0
23,Henry Cavill,7288,0
24,Henry Cavill,3605,0
25,Henry Cavill,2322,0
26,Henry Cavill,7019,0
27,Henry Cavill,8287,0
28,Henry Cavill,4571,0
29,Henry Cavill,2540,0
30,Henry Cavill,5352,0
31,Henry Cavill,6640,0
32,Henry Cavill,2197,0
33,Henry Cavill,4747,0
34,Henry Cavill,7080,0
35,Henry Cavill,4278,0
36,Henry Cavill,1971,0
37,Henry Cavill,5528,0
38,Henry Cavill,2198,0
39,Henry Cavill,8789,0
40,Henry Cavill,8254,0
41,Henry Cavill,8550,0
42,Henry Cavill,6531,0
43,Henry Cavill,1969,0
44,Henry Cavill,8795,0
45,Henry Cavill,6781,0
46,Henry Cavill,4017,0
47,Henry Cavill,3900,0
48,Henry Cavill,2033,0
49,Henry Cavill,2786,0
50,Henry Cavill,7003,0
51,Henry Cavill,4649,0
52,Henry Cavill,1379,0
53,Henry Cavill,1310,0
54,Henry Cavill,3007,0
55,Henry Cavill,3043,0
56,Henry Cavill,4643,0
57,Henry Cavill,5520,0
58,Henry Cavill,7605,0
59,Henry Cavill,6343,0
60,Henry Cavill,3254,0
61,Henry Cavill,2927,0
62,Henry Cavill,1871,0
63,Henry Cavill,2639,0
64,Henry Cavill,2478,0
65,Henry Cavill,4005,0
66,Henry Cavill,2169,0
67,Henry Cavill,3033,0
68,Henry Cavill,8522,0
69,Henry Cavill,8830,0
70,Henry Cavill,1776,0
71,Henry Cavill,1158,0
72,Henry Cavill,7689,0
73,Henry Cavill,6106,0
74,Henry Cavill,5038,0
75,Henry Cavill,5793,0
76,Henry Cavill,4549,0
77,Henry Cavill,7014,0
78,Henry Cavill,3613,0
79,Henry Cavill,4353,0
80,Henry Cavill,6098,0
81,Henry Cavill,4628,0
82,Henry Cavill,4815,0
83,Henry Cavill,5974,0
84,Henry Cavill,5414,0
85,Henry Cavill,8676,0
86,Henry Cavill,7938,0
87,Henry Cavill,2608,0
88,Henry Cavill,7255,0
89,Henry Cavill,4519,0
90,Henry Cavill,7710,0
91,Henry Cavill,6504,0
92,Henry Cavill,3232,0
93,Henry Cavill,6775,0
94,Henry Cavill,5745,0
95,Henry Cavill,1451,0
96,Henry Cavill,5478,0
97,Henry Cavill,6958,0
98,Henry Cavill,8819,0
99,Henry Cavill,1775,0
100,Henry Cavill,1004,0
101,Henry Cavill,2637,0
102,Henry Cavill,7868,0
103,Henry Cavill,8771,0
104,Henry Cavill,5901,0
105,Henry Cavill,3475,0
106,Henry Cavill,7224,0
107,Henry Cavill,7527,0
108,Henry Cavill,8054,0
109,Henry Cavill,8687,0
110,Henry Cavill,4480,0
111,Henry Cavill,3147,0
112,Henry Cavill,6438,0
113,Henry Cavill,7934,0
114,Henry Cavill,6921,0
115,Henry Cavill,3354,0
116,Henry Cavill,6937,0
117,Henry Cavill,8857,0
118,Henry Cavill,2694,0
119,Henry Cavill,7665,0
120,Henry Cavill,2090,0
121,Henry Cavill,6613,0
122,Henry Cavill,3546,0
123,Henry Cavill,3181,0
124,Henry Cavill,8382,0
125,A photo of Henry Cavill smiling,7650,1
126,A photo of Henry Cavill waving,7675,1
127,A photo of Henry Cavill reading,6620,1
128,A photo of Henry Cavill walking,5371,1
129,A photo of Henry Cavill sitting,7460,1
130,A photo of Henry Cavill standing,6470,1
131,A photo of Henry Cavill laughing,4724,1
132,A photo of Henry Cavill writing,5332,1
133,A photo of Henry Cavill pointing,3481,1
134,A photo of Henry Cavill speaking,8773,1
135,A photo of Henry Cavill thinking,4271,1
136,A photo of Henry Cavill clapping,3598,1
137,A photo of Henry Cavill eating,7788,1
138,A photo of Henry Cavill drinking,5616,1
139,A photo of Henry Cavill looking up,2919,1
140,A photo of Henry Cavill looking down,7804,1
141,A photo of Henry Cavill gesturing,4059,1
142,A photo of Henry Cavill nodding,3889,1
143,A photo of Henry Cavill holding a book,5088,1
144,A photo of Henry Cavill wearing a suit,3329,1
145,A photo of Henry Cavill smiling,3975,1
146,A photo of Henry Cavill waving,3223,1
147,A photo of Henry Cavill reading,3250,1
148,A photo of Henry Cavill walking,3879,1
149,A photo of Henry Cavill sitting,7642,1
150,A photo of Henry Cavill standing,8844,1
151,A photo of Henry Cavill laughing,3066,1
152,A photo of Henry Cavill writing,4106,1
153,A photo of Henry Cavill pointing,2201,1
154,A photo of Henry Cavill speaking,8399,1
155,A photo of Henry Cavill thinking,1119,1
156,A photo of Henry Cavill clapping,3231,1
157,A photo of Henry Cavill eating,3310,1
158,A photo of Henry Cavill drinking,5991,1
159,A photo of Henry Cavill looking up,5507,1
160,A photo of Henry Cavill looking down,2841,1
161,A photo of Henry Cavill gesturing,1942,1
162,A photo of Henry Cavill nodding,2382,1
163,A photo of Henry Cavill holding a book,2820,1
164,A photo of Henry Cavill wearing a suit,2585,1
165,A photo of Henry Cavill smiling,3476,1
166,A photo of Henry Cavill waving,6732,1
167,A photo of Henry Cavill reading,3273,1
168,A photo of Henry Cavill walking,7600,1
169,A photo of Henry Cavill sitting,6405,1
170,A photo of Henry Cavill standing,5093,1
171,A photo of Henry Cavill laughing,5053,1
172,A photo of Henry Cavill writing,8793,1
173,A photo of Henry Cavill pointing,5607,1
174,A photo of Henry Cavill speaking,8105,1
175,A photo of Henry Cavill thinking,3727,1
176,A photo of Henry Cavill clapping,4552,1
177,A photo of Henry Cavill eating,8413,1
178,A photo of Henry Cavill drinking,8013,1
179,A photo of Henry Cavill looking up,5659,1
180,A photo of Henry Cavill looking down,7664,1
181,A photo of Henry Cavill gesturing,1086,1
182,A photo of Henry Cavill nodding,8866,1
183,A photo of Henry Cavill holding a book,8535,1
184,A photo of Henry Cavill wearing a suit,4612,1
185,A photo of Henry Cavill smiling,6645,1
186,A photo of Henry Cavill waving,3881,1
187,A photo of Henry Cavill reading,8708,1
188,A photo of Henry Cavill walking,6541,1
189,A photo of Henry Cavill sitting,2596,1
190,A photo of Henry Cavill standing,2438,1
191,A photo of Henry Cavill laughing,6947,1
192,A photo of Henry Cavill writing,5489,1
193,A photo of Henry Cavill pointing,2948,1
194,A photo of Henry Cavill speaking,2834,1
195,A photo of Henry Cavill thinking,4205,1
196,A photo of Henry Cavill clapping,7550,1
197,A photo of Henry Cavill eating,7355,1
198,A photo of Henry Cavill drinking,8639,1
199,A photo of Henry Cavill looking up,6523,1
200,A photo of Henry Cavill looking down,2541,1
201,A photo of Henry Cavill gesturing,4798,1
202,A photo of Henry Cavill nodding,1927,1
203,A photo of Henry Cavill holding a book,8982,1
204,A photo of Henry Cavill wearing a suit,2871,1
205,A photo of Henry Cavill smiling,4943,1
206,A photo of Henry Cavill waving,4446,1
207,A photo of Henry Cavill reading,3526,1
208,A photo of Henry Cavill walking,6260,1
209,A photo of Henry Cavill sitting,7314,1
210,A photo of Henry Cavill standing,4110,1
211,A photo of Henry Cavill laughing,7210,1
212,A photo of Henry Cavill writing,7052,1
213,A photo of Henry Cavill pointing,6105,1
214,A photo of Henry Cavill speaking,4135,1
215,A photo of Henry Cavill thinking,5323,1
216,A photo of Henry Cavill clapping,5441,1
217,A photo of Henry Cavill eating,6261,1
218,A photo of Henry Cavill drinking,2242,1
219,A photo of Henry Cavill looking up,1403,1
220,A photo of Henry Cavill looking down,8063,1
221,A photo of Henry Cavill gesturing,4536,1
222,A photo of Henry Cavill nodding,6448,1
223,A photo of Henry Cavill holding a book,2640,1
224,A photo of Henry Cavill wearing a suit,8469,1
225,A photo of Henry Cavill smiling,8348,1
226,A photo of Henry Cavill waving,3034,1
227,A photo of Henry Cavill reading,1122,1
228,A photo of Henry Cavill walking,6193,1
229,A photo of Henry Cavill sitting,4083,1
230,A photo of Henry Cavill standing,3190,1
231,A photo of Henry Cavill laughing,7442,1
232,A photo of Henry Cavill writing,4771,1
233,A photo of Henry Cavill pointing,3573,1
234,A photo of Henry Cavill speaking,4131,1
235,A photo of Henry Cavill thinking,7655,1
236,A photo of Henry Cavill clapping,5498,1
237,A photo of Henry Cavill eating,3496,1
238,A photo of Henry Cavill drinking,7241,1
239,A photo of Henry Cavill looking up,3490,1
240,A photo of Henry Cavill looking down,6480,1
241,A photo of Henry Cavill gesturing,5186,1
242,A photo of Henry Cavill nodding,1704,1
243,A photo of Henry Cavill holding a book,2108,1
244,A photo of Henry Cavill wearing a suit,2627,1
245,A photo of Henry Cavill smiling,1118,1
246,A photo of Henry Cavill waving,5155,1
247,A photo of Henry Cavill reading,4248,1
248,A photo of Henry Cavill walking,1760,1
249,A photo of Henry Cavill sitting,6892,1
250,A photo of Henry Cavill eating with his friend,3428,2
251,A photo of Henry Cavill holding a gift,3856,2
252,A photo of Henry Cavill sitting in a car,1610,2
253,A photo of Henry Cavill signing a book,2591,2
254,A photo of Henry Cavill taking a selfie with his cat,6623,2
255,A photo of Henry Cavill walking with a man,5304,2
256,A photo of Henry Cavill talking to a woman,4357,2
257,A photo of Henry Cavill shaking hands with a soldier,8328,2
258,A photo of Henry Cavill laughing with a student,1872,2
259,A photo of Henry Cavill hugging his wife,7688,2
260,A photo of Henry Cavill playing basketball,4365,2
261,A photo of Henry Cavill sitting next to his boy,1861,2
262,A photo of Henry Cavill speaking with a journalist,4695,2
263,A photo of Henry Cavill riding a bicycle,8073,2
264,A photo of Henry Cavill standing beside a police officer,5785,2
265,A photo of Henry Cavill smiling with his daughter,7816,2
266,A photo of Henry Cavill waving at a child,3730,2
267,A photo of Henry Cavill pointing at a painting,2292,2
268,A photo of Henry Cavill holding hands with a young girl,6839,2
269,A photo of Henry Cavill jogging with his dog,1640,2
270,A photo of Henry Cavill eating with his friend,5474,2
271,A photo of Henry Cavill holding a gift,6648,2
272,A photo of Henry Cavill sitting in a car,8006,2
273,A photo of Henry Cavill signing a book,5176,2
274,A photo of Henry Cavill taking a selfie with his cat,8278,2
275,A photo of Henry Cavill walking with a man,5465,2
276,A photo of Henry Cavill talking to a woman,4618,2
277,A photo of Henry Cavill shaking hands with a soldier,4465,2
278,A photo of Henry Cavill laughing with a student,6070,2
279,A photo of Henry Cavill hugging his wife,1344,2
280,A photo of Henry Cavill playing basketball,3936,2
281,A photo of Henry Cavill sitting next to his boy,4899,2
282,A photo of Henry Cavill speaking with a journalist,1255,2
283,A photo of Henry Cavill riding a bicycle,4034,2
284,A photo of Henry Cavill standing beside a police officer,4838,2
285,A photo of Henry Cavill smiling with his daughter,1555,2
286,A photo of Henry Cavill waving at a child,5667,2
287,A photo of Henry Cavill pointing at a painting,6457,2
288,A photo of Henry Cavill holding hands with a young girl,4511,2
289,A photo of Henry Cavill jogging with his dog,8712,2
290,A photo of Henry Cavill eating with his friend,7202,2
291,A photo of Henry Cavill holding a gift,3529,2
292,A photo of Henry Cavill sitting in a car,2064,2
293,A photo of Henry Cavill signing a book,3385,2
294,A photo of Henry Cavill taking a selfie with his cat,8894,2
295,A photo of Henry Cavill walking with a man,6502,2
296,A photo of Henry Cavill talking to a woman,4196,2
297,A photo of Henry Cavill shaking hands with a soldier,3110,2
298,A photo of Henry Cavill laughing with a student,1627,2
299,A photo of Henry Cavill hugging his wife,4646,2
300,A photo of Henry Cavill playing basketball,1212,2
301,A photo of Henry Cavill sitting next to his boy,2684,2
302,A photo of Henry Cavill speaking with a journalist,2068,2
303,A photo of Henry Cavill riding a bicycle,1090,2
304,A photo of Henry Cavill standing beside a police officer,7130,2
305,A photo of Henry Cavill smiling with his daughter,7990,2
306,A photo of Henry Cavill waving at a child,5219,2
307,A photo of Henry Cavill pointing at a painting,4192,2
308,A photo of Henry Cavill holding hands with a young girl,6100,2
309,A photo of Henry Cavill jogging with his dog,2709,2
310,A photo of Henry Cavill eating with his friend,1348,2
311,A photo of Henry Cavill holding a gift,3134,2
312,A photo of Henry Cavill sitting in a car,3243,2
313,A photo of Henry Cavill signing a book,2079,2
314,A photo of Henry Cavill taking a selfie with his cat,2900,2
315,A photo of Henry Cavill walking with a man,1596,2
316,A photo of Henry Cavill talking to a woman,7704,2
317,A photo of Henry Cavill shaking hands with a soldier,8854,2
318,A photo of Henry Cavill laughing with a student,4025,2
319,A photo of Henry Cavill hugging his wife,5183,2
320,A photo of Henry Cavill playing basketball,5499,2
321,A photo of Henry Cavill sitting next to his boy,6469,2
322,A photo of Henry Cavill speaking with a journalist,8955,2
323,A photo of Henry Cavill riding a bicycle,5386,2
324,A photo of Henry Cavill standing beside a police officer,7134,2
325,A photo of Henry Cavill smiling with his daughter,4696,2
326,A photo of Henry Cavill waving at a child,1411,2
327,A photo of Henry Cavill pointing at a painting,2459,2
328,A photo of Henry Cavill holding hands with a young girl,6155,2
329,A photo of Henry Cavill jogging with his dog,2116,2
330,A photo of Henry Cavill eating with his friend,4264,2
331,A photo of Henry Cavill holding a gift,5566,2
332,A photo of Henry Cavill sitting in a car,5671,2
333,A photo of Henry Cavill signing a book,4138,2
334,A photo of Henry Cavill taking a selfie with his cat,1832,2
335,A photo of Henry Cavill walking with a man,6026,2
336,A photo of Henry Cavill talking to a woman,1330,2
337,A photo of Henry Cavill shaking hands with a soldier,5209,2
338,A photo of Henry Cavill laughing with a student,5082,2
339,A photo of Henry Cavill hugging his wife,4721,2
340,A photo of Henry Cavill playing basketball,1035,2
341,A photo of Henry Cavill sitting next to his boy,5162,2
342,A photo of Henry Cavill speaking with a journalist,3533,2
343,A photo of Henry Cavill riding a bicycle,5611,2
344,A photo of Henry Cavill standing beside a police officer,5267,2
345,A photo of Henry Cavill smiling with his daughter,6965,2
346,A photo of Henry Cavill waving at a child,5886,2
347,A photo of Henry Cavill pointing at a painting,6365,2
348,A photo of Henry Cavill holding hands with a young girl,3283,2
349,A photo of Henry Cavill jogging with his dog,7554,2
350,A photo of Henry Cavill eating with his friend,4918,2
351,A photo of Henry Cavill holding a gift,7421,2
352,A photo of Henry Cavill sitting in a car,5097,2
353,A photo of Henry Cavill signing a book,3872,2
354,A photo of Henry Cavill taking a selfie with his cat,6619,2
355,A photo of Henry Cavill walking with a man,6124,2
356,A photo of Henry Cavill talking to a woman,1656,2
357,A photo of Henry Cavill shaking hands with a soldier,8515,2
358,A photo of Henry Cavill laughing with a student,2622,2
359,A photo of Henry Cavill hugging his wife,2498,2
360,A photo of Henry Cavill playing basketball,3612,2
361,A photo of Henry Cavill sitting next to his boy,4459,2
362,A photo of Henry Cavill speaking with a journalist,7679,2
363,A photo of Henry Cavill riding a bicycle,4959,2
364,A photo of Henry Cavill standing beside a police officer,2071,2
365,A photo of Henry Cavill smiling with his daughter,7937,2
366,A photo of Henry Cavill waving at a child,4985,2
367,A photo of Henry Cavill pointing at a painting,8764,2
368,A photo of Henry Cavill holding hands with a young girl,6945,2
369,A photo of Henry Cavill jogging with his dog,1152,2
370,A photo of Henry Cavill eating with his friend,6267,2
371,A photo of Henry Cavill holding a gift,1156,2
372,A photo of Henry Cavill sitting in a car,1347,2
373,A photo of Henry Cavill signing a book,5666,2
374,A photo of Henry Cavill taking a selfie with his cat,3259,2
375,A photo of Henry Cavill handshaking with a woman beside a car,1557,3
376,A photo of Henry Cavill talking to a man in front of a building,8834,3
377,A photo of Henry Cavill sitting with a child on a bench,2021,3
378,A photo of Henry Cavill walking with a woman near a fountain,2653,3
379,A photo of Henry Cavill laughing with a man inside an office,4875,3
380,A photo of Henry Cavill pointing at a screen with a colleague,8489,3
381,A photo of Henry Cavill clapping with a teacher in a classroom,2887,3
382,A photo of Henry Cavill hugging a student outside a school,6583,3
383,A photo of Henry Cavill eating with a family at a picnic table,6464,3
384,A photo of Henry Cavill reading with a boy under a tree,7832,3
385,A photo of Henry Cavill running with a man on a track field,4356,3
386,A photo of Henry Cavill speaking with a reporter near a microphone,2735,3
387,A photo of Henry Cavill standing with a soldier in a desert,6929,3
388,A photo of Henry Cavill smiling with a woman on a stage,3837,3
389,A photo of Henry Cavill waving with a police officer beside a vehicle,4848,3
390,A photo of Henry Cavill biking with a child on a trail,2599,3
391,A photo of Henry Cavill listening to a man beside a bookshelf,6878,3
392,A photo of Henry Cavill gesturing to a group in a meeting room,1461,3
393,A photo of Henry Cavill watching with a woman in a theater,3528,3
394,A photo of Henry Cavill signing a paper with a student,2835,3
395,A photo of Henry Cavill handshaking with a woman beside a car,4851,3
396,A photo of Henry Cavill talking to a man in front of a building,8044,3
397,A photo of Henry Cavill sitting with a child on a bench,1684,3
398,A photo of Henry Cavill walking with a woman near a fountain,5708,3
399,A photo of Henry Cavill laughing with a man inside an office,3263,3
400,A photo of Henry Cavill pointing at a screen with a colleague,4983,3
401,A photo of Henry Cavill clapping with a teacher in a classroom,8661,3
402,A photo of Henry Cavill hugging a student outside a school,8424,3
403,A photo of Henry Cavill eating with a family at a picnic table,8226,3
404,A photo of Henry Cavill reading with a boy under a tree,4068,3
405,A photo of Henry Cavill running with a man on a track field,3212,3
406,A photo of Henry Cavill speaking with a reporter near a microphone,4163,3
407,A photo of Henry Cavill standing with a soldier in a desert,1095,3
408,A photo of Henry Cavill smiling with a woman on a stage,4588,3
409,A photo of Henry Cavill waving with a police officer beside a vehicle,1753,3
410,A photo of Henry Cavill biking with a child on a trail,2531,3
411,A photo of Henry Cavill listening to a man beside a bookshelf,1012,3
412,A photo of Henry Cavill gesturing to a group in a meeting room,3098,3
413,A photo of Henry Cavill watching with a woman in a theater,3723,3
414,A photo of Henry Cavill signing a paper with a student,8225,3
415,A photo of Henry Cavill handshaking with a woman beside a car,8292,3
416,A photo of Henry Cavill talking to a man in front of a building,6467,3
417,A photo of Henry Cavill sitting with a child on a bench,8129,3
418,A photo of Henry Cavill walking with a woman near a fountain,3994,3
419,A photo of Henry Cavill laughing with a man inside an office,7728,3
420,A photo of Henry Cavill pointing at a screen with a colleague,6187,3
421,A photo of Henry Cavill clapping with a teacher in a classroom,8224,3
422,A photo of Henry Cavill hugging a student outside a school,5497,3
423,A photo of Henry Cavill eating with a family at a picnic table,2000,3
424,A photo of Henry Cavill reading with a boy under a tree,7748,3
425,A photo of Henry Cavill running with a man on a track field,4172,3
426,A photo of Henry Cavill speaking with a reporter near a microphone,5815,3
427,A photo of Henry Cavill standing with a soldier in a desert,1804,3
428,A photo of Henry Cavill smiling with a woman on a stage,6505,3
429,A photo of Henry Cavill waving with a police officer beside a vehicle,8406,3
430,A photo of Henry Cavill biking with a child on a trail,6443,3
431,A photo of Henry Cavill listening to a man beside a bookshelf,7499,3
432,A photo of Henry Cavill gesturing to a group in a meeting room,3177,3
433,A photo of Henry Cavill watching with a woman in a theater,4052,3
434,A photo of Henry Cavill signing a paper with a student,3591,3
435,A photo of Henry Cavill handshaking with a woman beside a car,7606,3
436,A photo of Henry Cavill talking to a man in front of a building,7427,3
437,A photo of Henry Cavill sitting with a child on a bench,6426,3
438,A photo of Henry Cavill walking with a woman near a fountain,2028,3
439,A photo of Henry Cavill laughing with a man inside an office,7925,3
440,A photo of Henry Cavill pointing at a screen with a colleague,3222,3
441,A photo of Henry Cavill clapping with a teacher in a classroom,3073,3
442,A photo of Henry Cavill hugging a student outside a school,3052,3
443,A photo of Henry Cavill eating with a family at a picnic table,3815,3
444,A photo of Henry Cavill reading with a boy under a tree,6339,3
445,A photo of Henry Cavill running with a man on a track field,2194,3
446,A photo of Henry Cavill speaking with a reporter near a microphone,6089,3
447,A photo of Henry Cavill standing with a soldier in a desert,6985,3
448,A photo of Henry Cavill smiling with a woman on a stage,2807,3
449,A photo of Henry Cavill waving with a police officer beside a vehicle,3585,3
450,A photo of Henry Cavill biking with a child on a trail,5376,3
451,A photo of Henry Cavill listening to a man beside a bookshelf,6409,3
452,A photo of Henry Cavill gesturing to a group in a meeting room,4004,3
453,A photo of Henry Cavill watching with a woman in a theater,7495,3
454,A photo of Henry Cavill signing a paper with a student,5767,3
455,A photo of Henry Cavill handshaking with a woman beside a car,8485,3
456,A photo of Henry Cavill talking to a man in front of a building,4351,3
457,A photo of Henry Cavill sitting with a child on a bench,6660,3
458,A photo of Henry Cavill walking with a woman near a fountain,8832,3
459,A photo of Henry Cavill laughing with a man inside an office,8108,3
460,A photo of Henry Cavill pointing at a screen with a colleague,2142,3
461,A photo of Henry Cavill clapping with a teacher in a classroom,4847,3
462,A photo of Henry Cavill hugging a student outside a school,8030,3
463,A photo of Henry Cavill eating with a family at a picnic table,1386,3
464,A photo of Henry Cavill reading with a boy under a tree,6186,3
465,A photo of Henry Cavill running with a man on a track field,4625,3
466,A photo of Henry Cavill speaking with a reporter near a microphone,4309,3
467,A photo of Henry Cavill standing with a soldier in a desert,7656,3
468,A photo of Henry Cavill smiling with a woman on a stage,8203,3
469,A photo of Henry Cavill waving with a police officer beside a vehicle,2947,3
470,A photo of Henry Cavill biking with a child on a trail,1172,3
471,A photo of Henry Cavill listening to a man beside a bookshelf,7923,3
472,A photo of Henry Cavill gesturing to a group in a meeting room,6684,3
473,A photo of Henry Cavill watching with a woman in a theater,8867,3
474,A photo of Henry Cavill signing a paper with a student,7893,3
475,A photo of Henry Cavill handshaking with a woman beside a car,6705,3
476,A photo of Henry Cavill talking to a man in front of a building,3685,3
477,A photo of Henry Cavill sitting with a child on a bench,2529,3
478,A photo of Henry Cavill walking with a woman near a fountain,5268,3
479,A photo of Henry Cavill laughing with a man inside an office,2619,3
480,A photo of Henry Cavill pointing at a screen with a colleague,8232,3
481,A photo of Henry Cavill clapping with a teacher in a classroom,5661,3
482,A photo of Henry Cavill hugging a student outside a school,7775,3
483,A photo of Henry Cavill eating with a family at a picnic table,8678,3
484,A photo of Henry Cavill reading with a boy under a tree,1561,3
485,A photo of Henry Cavill running with a man on a track field,2547,3
486,A photo of Henry Cavill speaking with a reporter near a microphone,3041,3
487,A photo of Henry Cavill standing with a soldier in a desert,7744,3
488,A photo of Henry Cavill smiling with a woman on a stage,4125,3
489,A photo of Henry Cavill waving with a police officer beside a vehicle,6602,3
490,A photo of Henry Cavill biking with a child on a trail,7907,3
491,A photo of Henry Cavill listening to a man beside a bookshelf,1112,3
492,A photo of Henry Cavill gesturing to a group in a meeting room,7623,3
493,A photo of Henry Cavill watching with a woman in a theater,7229,3
494,A photo of Henry Cavill signing a paper with a student,3440,3
495,A photo of Henry Cavill handshaking with a woman beside a car,5400,3
496,A photo of Henry Cavill talking to a man in front of a building,4978,3
497,A photo of Henry Cavill sitting with a child on a bench,2111,3
498,A photo of Henry Cavill walking with a woman near a fountain,5862,3
499,A photo of Henry Cavill laughing with a man inside an office,5081,3
500,A photo of Henry Cavill smiling warmly while handing a book to a student in a sunlit library,4460,4
501,"A photo of Henry Cavill standing in the rain beside a soldier, both holding umbrellas",7932,4
502,A photo of Henry Cavill laughing with two chefs while watching a dish being prepared in a bustling kitchen,6294,4
503,A photo of Henry Cavill kneeling to tie a child’s shoelace as the child’s mother watches nearby,1958,4
504,A photo of Henry Cavill walking along a beach at sunset with a woman and a black Labrador,2276,4
505,A photo of Henry Cavill pointing toward the sky with a child in one arm and a teacher beside him,4049,4
506,"A photo of Henry Cavill seated between a doctor and a nurse during a hospital visit, listening attentively",6095,4
507,A photo of Henry Cavill clapping with pride as a young musician plays violin in a dimly lit concert hall,3911,4
508,A photo of Henry Cavill jogging across a bridge at dawn beside a man wearing a campaign T-shirt,1480,4
509,A photo of Henry Cavill standing near a campfire talking with a group of scouts in uniform,5843,4
510,A photo of Henry Cavill petting a golden retriever while chatting with an elderly couple in their backyard,4096,4
511,A photo of Henry Cavill holding a shovel beside a community garden with two volunteers smiling,1530,4
512,"A photo of Henry Cavill inside a science lab watching a student explain her experiment, with a teacher behind",5229,4
513,A photo of Henry Cavill entering a school auditorium as children wave flags and a teacher stands at the podium,6746,4
514,"A photo of Henry Cavill lighting a candle during a vigil, with a silent crowd gathered around him",7782,4
515,A photo of Henry Cavill riding a tandem bicycle with a boy wearing a helmet and a GoPro,7617,4
516,A photo of Henry Cavill helping an old man up a staircase while two bodyguards wait behind,8741,4
517,A photo of Henry Cavill sitting under a tree with a young girl reading aloud from a picture book,8951,4
518,A photo of Henry Cavill raising his glass in a toast during a formal dinner beside a world leader,8564,4
519,"A photo of Henry Cavill holding a folded flag at a memorial site, with a grieving family nearby",6116,4
520,A photo of Henry Cavill smiling warmly while handing a book to a student in a sunlit library,6560,4
521,"A photo of Henry Cavill standing in the rain beside a soldier, both holding umbrellas",2714,4
522,A photo of Henry Cavill laughing with two chefs while watching a dish being prepared in a bustling kitchen,1098,4
523,A photo of Henry Cavill kneeling to tie a child’s shoelace as the child’s mother watches nearby,4060,4
524,A photo of Henry Cavill walking along a beach at sunset with a woman and a black Labrador,3968,4
525,A photo of Henry Cavill pointing toward the sky with a child in one arm and a teacher beside him,3251,4
526,"A photo of Henry Cavill seated between a doctor and a nurse during a hospital visit, listening attentively",4671,4
527,A photo of Henry Cavill clapping with pride as a young musician plays violin in a dimly lit concert hall,1663,4
528,A photo of Henry Cavill jogging across a bridge at dawn beside a man wearing a campaign T-shirt,3673,4
529,A photo of Henry Cavill standing near a campfire talking with a group of scouts in uniform,8909,4
530,A photo of Henry Cavill petting a golden retriever while chatting with an elderly couple in their backyard,5182,4
531,A photo of Henry Cavill holding a shovel beside a community garden with two volunteers smiling,4307,4
532,"A photo of Henry Cavill inside a science lab watching a student explain her experiment, with a teacher behind",5730,4
533,A photo of Henry Cavill entering a school auditorium as children wave flags and a teacher stands at the podium,4187,4
534,"A photo of Henry Cavill lighting a candle during a vigil, with a silent crowd gathered around him",4675,4
535,A photo of Henry Cavill riding a tandem bicycle with a boy wearing a helmet and a GoPro,8043,4
536,A photo of Henry Cavill helping an old man up a staircase while two bodyguards wait behind,7131,4
537,A photo of Henry Cavill sitting under a tree with a young girl reading aloud from a picture book,7418,4
538,A photo of Henry Cavill raising his glass in a toast during a formal dinner beside a world leader,7930,4
539,"A photo of Henry Cavill holding a folded flag at a memorial site, with a grieving family nearby",1862,4
540,A photo of Henry Cavill smiling warmly while handing a book to a student in a sunlit library,8926,4
541,"A photo of Henry Cavill standing in the rain beside a soldier, both holding umbrellas",2481,4
542,A photo of Henry Cavill laughing with two chefs while watching a dish being prepared in a bustling kitchen,6235,4
543,A photo of Henry Cavill kneeling to tie a child’s shoelace as the child’s mother watches nearby,6057,4
544,A photo of Henry Cavill walking along a beach at sunset with a woman and a black Labrador,8280,4
545,A photo of Henry Cavill pointing toward the sky with a child in one arm and a teacher beside him,6905,4
546,"A photo of Henry Cavill seated between a doctor and a nurse during a hospital visit, listening attentively",5280,4
547,A photo of Henry Cavill clapping with pride as a young musician plays violin in a dimly lit concert hall,3910,4
548,A photo of Henry Cavill jogging across a bridge at dawn beside a man wearing a campaign T-shirt,5225,4
549,A photo of Henry Cavill standing near a campfire talking with a group of scouts in uniform,6962,4
550,A photo of Henry Cavill petting a golden retriever while chatting with an elderly couple in their backyard,4453,4
551,A photo of Henry Cavill holding a shovel beside a community garden with two volunteers smiling,1472,4
552,"A photo of Henry Cavill inside a science lab watching a student explain her experiment, with a teacher behind",1647,4
553,A photo of Henry Cavill entering a school auditorium as children wave flags and a teacher stands at the podium,7578,4
554,"A photo of Henry Cavill lighting a candle during a vigil, with a silent crowd gathered around him",7825,4
555,A photo of Henry Cavill riding a tandem bicycle with a boy wearing a helmet and a GoPro,4122,4
556,A photo of Henry Cavill helping an old man up a staircase while two bodyguards wait behind,8015,4
557,A photo of Henry Cavill sitting under a tree with a young girl reading aloud from a picture book,4054,4
558,A photo of Henry Cavill raising his glass in a toast during a formal dinner beside a world leader,3057,4
559,"A photo of Henry Cavill holding a folded flag at a memorial site, with a grieving family nearby",1814,4
560,A photo of Henry Cavill smiling warmly while handing a book to a student in a sunlit library,3719,4
561,"A photo of Henry Cavill standing in the rain beside a soldier, both holding umbrellas",8702,4
562,A photo of Henry Cavill laughing with two chefs while watching a dish being prepared in a bustling kitchen,5532,4
563,A photo of Henry Cavill kneeling to tie a child’s shoelace as the child’s mother watches nearby,1588,4
564,A photo of Henry Cavill walking along a beach at sunset with a woman and a black Labrador,6036,4
565,A photo of Henry Cavill pointing toward the sky with a child in one arm and a teacher beside him,7396,4
566,"A photo of Henry Cavill seated between a doctor and a nurse during a hospital visit, listening attentively",4926,4
567,A photo of Henry Cavill clapping with pride as a young musician plays violin in a dimly lit concert hall,6847,4
568,A photo of Henry Cavill jogging across a bridge at dawn beside a man wearing a campaign T-shirt,8375,4
569,A photo of Henry Cavill standing near a campfire talking with a group of scouts in uniform,1211,4
570,A photo of Henry Cavill petting a golden retriever while chatting with an elderly couple in their backyard,3636,4
571,A photo of Henry Cavill holding a shovel beside a community garden with two volunteers smiling,7976,4
572,"A photo of Henry Cavill inside a science lab watching a student explain her experiment, with a teacher behind",2379,4
573,A photo of Henry Cavill entering a school auditorium as children wave flags and a teacher stands at the podium,7370,4
574,"A photo of Henry Cavill lighting a candle during a vigil, with a silent crowd gathered around him",6428,4
575,A photo of Henry Cavill riding a tandem bicycle with a boy wearing a helmet and a GoPro,7537,4
576,A photo of Henry Cavill helping an old man up a staircase while two bodyguards wait behind,7823,4
577,A photo of Henry Cavill sitting under a tree with a young girl reading aloud from a picture book,6174,4
578,A photo of Henry Cavill raising his glass in a toast during a formal dinner beside a world leader,2676,4
579,"A photo of Henry Cavill holding a folded flag at a memorial site, with a grieving family nearby",2383,4
580,A photo of Henry Cavill smiling warmly while handing a book to a student in a sunlit library,8323,4
581,"A photo of Henry Cavill standing in the rain beside a soldier, both holding umbrellas",1554,4
582,A photo of Henry Cavill laughing with two chefs while watching a dish being prepared in a bustling kitchen,1977,4
583,A photo of Henry Cavill kneeling to tie a child’s shoelace as the child’s mother watches nearby,3049,4
584,A photo of Henry Cavill walking along a beach at sunset with a woman and a black Labrador,7162,4
585,A photo of Henry Cavill pointing toward the sky with a child in one arm and a teacher beside him,7343,4
586,"A photo of Henry Cavill seated between a doctor and a nurse during a hospital visit, listening attentively",2283,4
587,A photo of Henry Cavill clapping with pride as a young musician plays violin in a dimly lit concert hall,5470,4
588,A photo of Henry Cavill jogging across a bridge at dawn beside a man wearing a campaign T-shirt,2449,4
589,A photo of Henry Cavill standing near a campfire talking with a group of scouts in uniform,7276,4
590,A photo of Henry Cavill petting a golden retriever while chatting with an elderly couple in their backyard,6972,4
591,A photo of Henry Cavill holding a shovel beside a community garden with two volunteers smiling,6987,4
592,"A photo of Henry Cavill inside a science lab watching a student explain her experiment, with a teacher behind",5244,4
593,A photo of Henry Cavill entering a school auditorium as children wave flags and a teacher stands at the podium,4463,4
594,"A photo of Henry Cavill lighting a candle during a vigil, with a silent crowd gathered around him",5415,4
595,A photo of Henry Cavill riding a tandem bicycle with a boy wearing a helmet and a GoPro,7880,4
596,A photo of Henry Cavill helping an old man up a staircase while two bodyguards wait behind,1758,4
597,A photo of Henry Cavill sitting under a tree with a young girl reading aloud from a picture book,5539,4
598,A photo of Henry Cavill raising his glass in a toast during a formal dinner beside a world leader,3045,4
599,"A photo of Henry Cavill holding a folded flag at a memorial site, with a grieving family nearby",7281,4
600,A photo of Henry Cavill smiling warmly while handing a book to a student in a sunlit library,1452,4
601,"A photo of Henry Cavill standing in the rain beside a soldier, both holding umbrellas",6956,4
602,A photo of Henry Cavill laughing with two chefs while watching a dish being prepared in a bustling kitchen,8266,4
603,A photo of Henry Cavill kneeling to tie a child’s shoelace as the child’s mother watches nearby,8991,4
604,A photo of Henry Cavill walking along a beach at sunset with a woman and a black Labrador,7284,4
605,A photo of Henry Cavill pointing toward the sky with a child in one arm and a teacher beside him,4292,4
606,"A photo of Henry Cavill seated between a doctor and a nurse during a hospital visit, listening attentively",1190,4
607,A photo of Henry Cavill clapping with pride as a young musician plays violin in a dimly lit concert hall,3676,4
608,A photo of Henry Cavill jogging across a bridge at dawn beside a man wearing a campaign T-shirt,1131,4
609,A photo of Henry Cavill standing near a campfire talking with a group of scouts in uniform,5052,4
610,A photo of Henry Cavill petting a golden retriever while chatting with an elderly couple in their backyard,3489,4
611,A photo of Henry Cavill holding a shovel beside a community garden with two volunteers smiling,8912,4
612,"A photo of Henry Cavill inside a science lab watching a student explain her experiment, with a teacher behind",6776,4
613,A photo of Henry Cavill entering a school auditorium as children wave flags and a teacher stands at the podium,2404,4
614,"A photo of Henry Cavill lighting a candle during a vigil, with a silent crowd gathered around him",6564,4
615,A photo of Henry Cavill riding a tandem bicycle with a boy wearing a helmet and a GoPro,6005,4
616,A photo of Henry Cavill helping an old man up a staircase while two bodyguards wait behind,8100,4
617,A photo of Henry Cavill sitting under a tree with a young girl reading aloud from a picture book,2816,4
618,A photo of Henry Cavill raising his glass in a toast during a formal dinner beside a world leader,1880,4
619,"A photo of Henry Cavill holding a folded flag at a memorial site, with a grieving family nearby",7401,4
620,A photo of Henry Cavill smiling warmly while handing a book to a student in a sunlit library,4810,4
621,"A photo of Henry Cavill standing in the rain beside a soldier, both holding umbrellas",1393,4
622,A photo of Henry Cavill laughing with two chefs while watching a dish being prepared in a bustling kitchen,3595,4
623,A photo of Henry Cavill kneeling to tie a child’s shoelace as the child’s mother watches nearby,2075,4
624,A photo of Henry Cavill walking along a beach at sunset with a woman and a black Labrador,5249,4
625,"A close-up of Henry Cavill’s face, serious",3389,5
626,"A clear view of Henry Cavill’s face, no emotion",4659,5
627,"A close-up of Henry Cavill’s head, calm look",2605,5
628,"Henry Cavill face, soft smile",5120,5
629,"A headshot of Henry Cavill, eyes forward",7378,5
630,"Henry Cavill face, blank expression",5451,5
631,A focused photo of Henry Cavill’s face,3820,5
632,"Henry Cavill head, straight-on view",5313,5
633,"A tight headshot of Henry Cavill, neutral mood",3615,5
634,"A clear face shot of Henry Cavill, looking directly",3785,5
635,"Henry Cavill head, full-face visible",8283,5
636,"A front-facing headshot of Henry Cavill, composed",6887,5
637,"A centered photo of Henry Cavill’s face, subtle expression",2414,5
638,"Henry Cavill face, clear and front-facing",7770,5
639,"A photo of Henry Cavill’s head, straight gaze",3706,5
640,"A close-up of Henry Cavill’s face, looking straight",7457,5
641,"Henry Cavill face, front-facing",6744,5
642,"Henry Cavill headshot, neutral expression",7540,5
643,"A photo of Henry Cavill’s head, smiling slightly",7882,5
644,"Henry Cavill face, direct eye contact",5457,5
645,"A close-up of Henry Cavill’s face, serious",3197,5
646,"A clear view of Henry Cavill’s face, no emotion",3894,5
647,"A close-up of Henry Cavill’s head, calm look",2350,5
648,"Henry Cavill face, soft smile",4620,5
649,"A headshot of Henry Cavill, eyes forward",2330,5
650,"Henry Cavill face, blank expression",3324,5
651,A focused photo of Henry Cavill’s face,4288,5
652,"Henry Cavill head, straight-on view",4169,5
653,"A tight headshot of Henry Cavill, neutral mood",3025,5
654,"A clear face shot of Henry Cavill, looking directly",1810,5
655,"Henry Cavill head, full-face visible",1677,5
656,"A front-facing headshot of Henry Cavill, composed",3832,5
657,"A centered photo of Henry Cavill’s face, subtle expression",2702,5
658,"Henry Cavill face, clear and front-facing",7313,5
659,"A photo of Henry Cavill’s head, straight gaze",7028,5
660,"A close-up of Henry Cavill’s face, looking straight",1876,5
661,"Henry Cavill face, front-facing",7178,5
662,"Henry Cavill headshot, neutral expression",1625,5
663,"A photo of Henry Cavill’s head, smiling slightly",6208,5
664,"Henry Cavill face, direct eye contact",8578,5
665,"A close-up of Henry Cavill’s face, serious",8022,5
666,"A clear view of Henry Cavill’s face, no emotion",2386,5
667,"A close-up of Henry Cavill’s head, calm look",8957,5
668,"Henry Cavill face, soft smile",8135,5
669,"A headshot of Henry Cavill, eyes forward",8762,5
670,"Henry Cavill face, blank expression",3602,5
671,A focused photo of Henry Cavill’s face,3827,5
672,"Henry Cavill head, straight-on view",6044,5
673,"A tight headshot of Henry Cavill, neutral mood",7247,5
674,"A clear face shot of Henry Cavill, looking directly",4534,5
675,"Henry Cavill head, full-face visible",4902,5
676,"A front-facing headshot of Henry Cavill, composed",6896,5
677,"A centered photo of Henry Cavill’s face, subtle expression",8230,5
678,"Henry Cavill face, clear and front-facing",8179,5
679,"A photo of Henry Cavill’s head, straight gaze",8034,5
680,"A close-up of Henry Cavill’s face, looking straight",4601,5
681,"Henry Cavill face, front-facing",1062,5
682,"Henry Cavill headshot, neutral expression",5377,5
683,"A photo of Henry Cavill’s head, smiling slightly",7731,5
684,"Henry Cavill face, direct eye contact",2774,5
685,"A close-up of Henry Cavill’s face, serious",1074,5
686,"A clear view of Henry Cavill’s face, no emotion",7195,5
687,"A close-up of Henry Cavill’s head, calm look",3619,5
688,"Henry Cavill face, soft smile",7128,5
689,"A headshot of Henry Cavill, eyes forward",4143,5
690,"Henry Cavill face, blank expression",8883,5
691,A focused photo of Henry Cavill’s face,5913,5
692,"Henry Cavill head, straight-on view",5075,5
693,"A tight headshot of Henry Cavill, neutral mood",7973,5
694,"A clear face shot of Henry Cavill, looking directly",8954,5
695,"Henry Cavill head, full-face visible",8706,5
696,"A front-facing headshot of Henry Cavill, composed",2286,5
697,"A centered photo of Henry Cavill’s face, subtle expression",3645,5
698,"Henry Cavill face, clear and front-facing",7658,5
699,"A photo of Henry Cavill’s head, straight gaze",7084,5
700,"A close-up of Henry Cavill’s face, looking straight",2018,5
701,"Henry Cavill face, front-facing",7283,5
702,"Henry Cavill headshot, neutral expression",4732,5
703,"A photo of Henry Cavill’s head, smiling slightly",8767,5
704,"Henry Cavill face, direct eye contact",2274,5
705,"A close-up of Henry Cavill’s face, serious",7406,5
706,"A clear view of Henry Cavill’s face, no emotion",4814,5
707,"A close-up of Henry Cavill’s head, calm look",7640,5
708,"Henry Cavill face, soft smile",4744,5
709,"A headshot of Henry Cavill, eyes forward",4366,5
710,"Henry Cavill face, blank expression",7873,5
711,A focused photo of Henry Cavill’s face,8155,5
712,"Henry Cavill head, straight-on view",6153,5
713,"A tight headshot of Henry Cavill, neutral mood",8776,5
714,"A clear face shot of Henry Cavill, looking directly",2972,5
715,"Henry Cavill head, full-face visible",4780,5
716,"A front-facing headshot of Henry Cavill, composed",2569,5
717,"A centered photo of Henry Cavill’s face, subtle expression",7140,5
718,"Henry Cavill face, clear and front-facing",5765,5
719,"A photo of Henry Cavill’s head, straight gaze",2476,5
720,"A close-up of Henry Cavill’s face, looking straight",2451,5
721,"Henry Cavill face, front-facing",2014,5
722,"Henry Cavill headshot, neutral expression",8342,5
723,"A photo of Henry Cavill’s head, smiling slightly",1982,5
724,"Henry Cavill face, direct eye contact",8243,5
725,"A close-up of Henry Cavill’s face, serious",5488,5
726,"A clear view of Henry Cavill’s face, no emotion",5948,5
727,"A close-up of Henry Cavill’s head, calm look",8880,5
728,"Henry Cavill face, soft smile",3979,5
729,"A headshot of Henry Cavill, eyes forward",8465,5
730,"Henry Cavill face, blank expression",4676,5
731,A focused photo of Henry Cavill’s face,2650,5
732,"Henry Cavill head, straight-on view",4809,5
733,"A tight headshot of Henry Cavill, neutral mood",8733,5
734,"A clear face shot of Henry Cavill, looking directly",1459,5
735,"Henry Cavill head, full-face visible",1493,5
736,"A front-facing headshot of Henry Cavill, composed",5326,5
737,"A centered photo of Henry Cavill’s face, subtle expression",7676,5
738,"Henry Cavill face, clear and front-facing",4756,5
739,"A photo of Henry Cavill’s head, straight gaze",3669,5
740,"A close-up of Henry Cavill’s face, looking straight",4038,5
741,"Henry Cavill face, front-facing",3286,5
742,"Henry Cavill headshot, neutral expression",2419,5
743,"A photo of Henry Cavill’s head, smiling slightly",7582,5
744,"Henry Cavill face, direct eye contact",1206,5
745,"A close-up of Henry Cavill’s face, serious",7451,5
746,"A clear view of Henry Cavill’s face, no emotion",3813,5
747,"A close-up of Henry Cavill’s head, calm look",7170,5
748,"Henry Cavill face, soft smile",8859,5
749,"A headshot of Henry Cavill, eyes forward",6398,5
750,A half-body photo of Henry Cavill with a slight smile,4437,6
751,A half-body photo of Henry Cavill staring blankly,6537,6
752,A half-body photo of Henry Cavill looking calm,6293,6
753,A half-body photo of Henry Cavill with no expression,7693,6
754,A half-body photo of Henry Cavill with eyes forward,7057,6
755,A half-body photo of Henry Cavill slightly frowning,7984,6
756,A half-body photo of Henry Cavill looking composed,1148,6
757,A half-body photo of Henry Cavill with a blank face,8713,6
758,A half-body photo of Henry Cavill showing a soft smile,2689,6
759,A half-body photo of Henry Cavill looking directly at the camera,3326,6
760,A half-body photo of Henry Cavill maintaining a straight face,3819,6
761,A half-body photo of Henry Cavill with closed lips,3995,6
762,A half-body photo of Henry Cavill in a relaxed expression,6686,6
763,A half-body photo of Henry Cavill with a focused look,1840,6
764,A half-body photo of Henry Cavill gazing forward,2491,6
765,A half-body photo of Henry Cavill smiling,3169,6
766,A half-body photo of Henry Cavill looking serious,5025,6
767,A half-body photo of Henry Cavill facing forward,3986,6
768,A half-body photo of Henry Cavill with a neutral expression,3687,6
769,A half-body photo of Henry Cavill looking straight ahead,3522,6
770,A half-body photo of Henry Cavill with a slight smile,4868,6
771,A half-body photo of Henry Cavill staring blankly,8637,6
772,A half-body photo of Henry Cavill looking calm,1360,6
773,A half-body photo of Henry Cavill with no expression,5995,6
774,A half-body photo of Henry Cavill with eyes forward,2723,6
775,A half-body photo of Henry Cavill slightly frowning,1766,6
776,A half-body photo of Henry Cavill looking composed,1902,6
777,A half-body photo of Henry Cavill with a blank face,5416,6
778,A half-body photo of Henry Cavill showing a soft smile,8685,6
779,A half-body photo of Henry Cavill looking directly at the camera,3629,6
780,A half-body photo of Henry Cavill maintaining a straight face,3192,6
781,A half-body photo of Henry Cavill with closed lips,1825,6
782,A half-body photo of Henry Cavill in a relaxed expression,8268,6
783,A half-body photo of Henry Cavill with a focused look,1522,6
784,A half-body photo of Henry Cavill gazing forward,8067,6
785,A half-body photo of Henry Cavill smiling,6184,6
786,A half-body photo of Henry Cavill looking serious,2982,6
787,A half-body photo of Henry Cavill facing forward,4193,6
788,A half-body photo of Henry Cavill with a neutral expression,6643,6
789,A half-body photo of Henry Cavill looking straight ahead,7159,6
790,A half-body photo of Henry Cavill with a slight smile,6042,6
791,A half-body photo of Henry Cavill staring blankly,3789,6
792,A half-body photo of Henry Cavill looking calm,6392,6
793,A half-body photo of Henry Cavill with no expression,4112,6
794,A half-body photo of Henry Cavill with eyes forward,2589,6
795,A half-body photo of Henry Cavill slightly frowning,3835,6
796,A half-body photo of Henry Cavill looking composed,5640,6
797,A half-body photo of Henry Cavill with a blank face,2338,6
798,A half-body photo of Henry Cavill showing a soft smile,3883,6
799,A half-body photo of Henry Cavill looking directly at the camera,6882,6
800,A half-body photo of Henry Cavill maintaining a straight face,7250,6
801,A half-body photo of Henry Cavill with closed lips,1494,6
802,A half-body photo of Henry Cavill in a relaxed expression,8772,6
803,A half-body photo of Henry Cavill with a focused look,4994,6
804,A half-body photo of Henry Cavill gazing forward,1644,6
805,A half-body photo of Henry Cavill smiling,8038,6
806,A half-body photo of Henry Cavill looking serious,3822,6
807,A half-body photo of Henry Cavill facing forward,7701,6
808,A half-body photo of Henry Cavill with a neutral expression,5715,6
809,A half-body photo of Henry Cavill looking straight ahead,2158,6
810,A half-body photo of Henry Cavill with a slight smile,4406,6
811,A half-body photo of Henry Cavill staring blankly,7226,6
812,A half-body photo of Henry Cavill looking calm,3991,6
813,A half-body photo of Henry Cavill with no expression,4808,6
814,A half-body photo of Henry Cavill with eyes forward,6622,6
815,A half-body photo of Henry Cavill slightly frowning,1305,6
816,A half-body photo of Henry Cavill looking composed,2479,6
817,A half-body photo of Henry Cavill with a blank face,1945,6
818,A half-body photo of Henry Cavill showing a soft smile,3398,6
819,A half-body photo of Henry Cavill looking directly at the camera,8824,6
820,A half-body photo of Henry Cavill maintaining a straight face,3218,6
821,A half-body photo of Henry Cavill with closed lips,5418,6
822,A half-body photo of Henry Cavill in a relaxed expression,1639,6
823,A half-body photo of Henry Cavill with a focused look,5709,6
824,A half-body photo of Henry Cavill gazing forward,5676,6
825,A half-body photo of Henry Cavill smiling,8553,6
826,A half-body photo of Henry Cavill looking serious,8812,6
827,A half-body photo of Henry Cavill facing forward,1232,6
828,A half-body photo of Henry Cavill with a neutral expression,7777,6
829,A half-body photo of Henry Cavill looking straight ahead,1856,6
830,A half-body photo of Henry Cavill with a slight smile,1983,6
831,A half-body photo of Henry Cavill staring blankly,4419,6
832,A half-body photo of Henry Cavill looking calm,8737,6
833,A half-body photo of Henry Cavill with no expression,7569,6
834,A half-body photo of Henry Cavill with eyes forward,1806,6
835,A half-body photo of Henry Cavill slightly frowning,4668,6
836,A half-body photo of Henry Cavill looking composed,8304,6
837,A half-body photo of Henry Cavill with a blank face,4879,6
838,A half-body photo of Henry Cavill showing a soft smile,3494,6
839,A half-body photo of Henry Cavill looking directly at the camera,5504,6
840,A half-body photo of Henry Cavill maintaining a straight face,6788,6
841,A half-body photo of Henry Cavill with closed lips,3383,6
842,A half-body photo of Henry Cavill in a relaxed expression,1780,6
843,A half-body photo of Henry Cavill with a focused look,8919,6
844,A half-body photo of Henry Cavill gazing forward,3524,6
845,A half-body photo of Henry Cavill smiling,3415,6
846,A half-body photo of Henry Cavill looking serious,4104,6
847,A half-body photo of Henry Cavill facing forward,1031,6
848,A half-body photo of Henry Cavill with a neutral expression,6667,6
849,A half-body photo of Henry Cavill looking straight ahead,1376,6
850,A half-body photo of Henry Cavill with a slight smile,1553,6
851,A half-body photo of Henry Cavill staring blankly,2360,6
852,A half-body photo of Henry Cavill looking calm,3555,6
853,A half-body photo of Henry Cavill with no expression,7888,6
854,A half-body photo of Henry Cavill with eyes forward,4082,6
855,A half-body photo of Henry Cavill slightly frowning,2005,6
856,A half-body photo of Henry Cavill looking composed,6516,6
857,A half-body photo of Henry Cavill with a blank face,8122,6
858,A half-body photo of Henry Cavill showing a soft smile,5092,6
859,A half-body photo of Henry Cavill looking directly at the camera,2120,6
860,A half-body photo of Henry Cavill maintaining a straight face,8759,6
861,A half-body photo of Henry Cavill with closed lips,3180,6
862,A half-body photo of Henry Cavill in a relaxed expression,8716,6
863,A half-body photo of Henry Cavill with a focused look,6403,6
864,A half-body photo of Henry Cavill gazing forward,5973,6
865,A half-body photo of Henry Cavill smiling,7346,6
866,A half-body photo of Henry Cavill looking serious,8035,6
867,A half-body photo of Henry Cavill facing forward,8111,6
868,A half-body photo of Henry Cavill with a neutral expression,6345,6
869,A half-body photo of Henry Cavill looking straight ahead,8651,6
870,A half-body photo of Henry Cavill with a slight smile,1179,6
871,A half-body photo of Henry Cavill staring blankly,3677,6
872,A half-body photo of Henry Cavill looking calm,6715,6
873,A half-body photo of Henry Cavill with no expression,4073,6
874,A half-body photo of Henry Cavill with eyes forward,3081,6
875,"A full-body photo of Henry Cavill leaning, facing forward",7856,7
876,"A full-body photo of Henry Cavill resting, facing forward",8400,7
877,"A full-body photo of Henry Cavill seated, facing forward",5291,7
878,"A full-body photo of Henry Cavill reclining, facing forward",1400,7
879,"A full-body photo of Henry Cavill posed upright, facing forward",8552,7
880,"A full-body photo of Henry Cavill crouching, facing forward",7437,7
881,"A full-body photo of Henry Cavill standing still, facing forward",7039,7
882,"A full-body photo of Henry Cavill sitting cross-legged, facing forward",8176,7
883,"A full-body photo of Henry Cavill lying flat, facing forward",7207,7
884,"A full-body photo of Henry Cavill half-seated, facing forward",1951,7
885,"A full-body photo of Henry Cavill in a relaxed posture, facing forward",3670,7
886,"A full-body photo of Henry Cavill in upright posture, facing forward",8697,7
887,"A full-body photo of Henry Cavill in resting position, facing forward",1442,7
888,"A full-body photo of Henry Cavill in crouched position, facing forward",7900,7
889,"A full-body photo of Henry Cavill sitting upright, facing forward",2532,7
890,"A full-body photo of Henry Cavill standing, facing forward",3350,7
891,"A full-body photo of Henry Cavill sitting, facing forward",3368,7
892,"A full-body photo of Henry Cavill lying down, facing forward",3137,7
893,"A full-body photo of Henry Cavill kneeling, facing forward",7599,7
894,"A full-body photo of Henry Cavill squatting, facing forward",8752,7
895,"A full-body photo of Henry Cavill leaning, facing forward",5966,7
896,"A full-body photo of Henry Cavill resting, facing forward",6269,7
897,"A full-body photo of Henry Cavill seated, facing forward",6831,7
898,"A full-body photo of Henry Cavill reclining, facing forward",6804,7
899,"A full-body photo of Henry Cavill posed upright, facing forward",7118,7
900,"A full-body photo of Henry Cavill crouching, facing forward",1201,7
901,"A full-body photo of Henry Cavill standing still, facing forward",6976,7
902,"A full-body photo of Henry Cavill sitting cross-legged, facing forward",8570,7
903,"A full-body photo of Henry Cavill lying flat, facing forward",6650,7
904,"A full-body photo of Henry Cavill half-seated, facing forward",8096,7
905,"A full-body photo of Henry Cavill in a relaxed posture, facing forward",8592,7
906,"A full-body photo of Henry Cavill in upright posture, facing forward",1619,7
907,"A full-body photo of Henry Cavill in resting position, facing forward",5388,7
908,"A full-body photo of Henry Cavill in crouched position, facing forward",6932,7
909,"A full-body photo of Henry Cavill sitting upright, facing forward",6039,7
910,"A full-body photo of Henry Cavill standing, facing forward",3652,7
911,"A full-body photo of Henry Cavill sitting, facing forward",6658,7
912,"A full-body photo of Henry Cavill lying down, facing forward",1144,7
913,"A full-body photo of Henry Cavill kneeling, facing forward",3633,7
914,"A full-body photo of Henry Cavill squatting, facing forward",7943,7
915,"A full-body photo of Henry Cavill leaning, facing forward",3021,7
916,"A full-body photo of Henry Cavill resting, facing forward",3728,7
917,"A full-body photo of Henry Cavill seated, facing forward",4520,7
918,"A full-body photo of Henry Cavill reclining, facing forward",6810,7
919,"A full-body photo of Henry Cavill posed upright, facing forward",4173,7
920,"A full-body photo of Henry Cavill crouching, facing forward",3427,7
921,"A full-body photo of Henry Cavill standing still, facing forward",7649,7
922,"A full-body photo of Henry Cavill sitting cross-legged, facing forward",2191,7
923,"A full-body photo of Henry Cavill lying flat, facing forward",1120,7
924,"A full-body photo of Henry Cavill half-seated, facing forward",7053,7
925,"A full-body photo of Henry Cavill in a relaxed posture, facing forward",1745,7
926,"A full-body photo of Henry Cavill in upright posture, facing forward",3734,7
927,"A full-body photo of Henry Cavill in resting position, facing forward",5910,7
928,"A full-body photo of Henry Cavill in crouched position, facing forward",4326,7
929,"A full-body photo of Henry Cavill sitting upright, facing forward",6185,7
930,"A full-body photo of Henry Cavill standing, facing forward",7031,7
931,"A full-body photo of Henry Cavill sitting, facing forward",2423,7
932,"A full-body photo of Henry Cavill lying down, facing forward",6407,7
933,"A full-body photo of Henry Cavill kneeling, facing forward",5370,7
934,"A full-body photo of Henry Cavill squatting, facing forward",7198,7
935,"A full-body photo of Henry Cavill leaning, facing forward",7809,7
936,"A full-body photo of Henry Cavill resting, facing forward",6242,7
937,"A full-body photo of Henry Cavill seated, facing forward",1014,7
938,"A full-body photo of Henry Cavill reclining, facing forward",7786,7
939,"A full-body photo of Henry Cavill posed upright, facing forward",4901,7
940,"A full-body photo of Henry Cavill crouching, facing forward",6934,7
941,"A full-body photo of Henry Cavill standing still, facing forward",7129,7
942,"A full-body photo of Henry Cavill sitting cross-legged, facing forward",4348,7
943,"A full-body photo of Henry Cavill lying flat, facing forward",6122,7
944,"A full-body photo of Henry Cavill half-seated, facing forward",3765,7
945,"A full-body photo of Henry Cavill in a relaxed posture, facing forward",3855,7
946,"A full-body photo of Henry Cavill in upright posture, facing forward",5978,7
947,"A full-body photo of Henry Cavill in resting position, facing forward",1022,7
948,"A full-body photo of Henry Cavill in crouched position, facing forward",7025,7
949,"A full-body photo of Henry Cavill sitting upright, facing forward",8172,7
950,"A full-body photo of Henry Cavill standing, facing forward",3953,7
951,"A full-body photo of Henry Cavill sitting, facing forward",1807,7
952,"A full-body photo of Henry Cavill lying down, facing forward",1725,7
953,"A full-body photo of Henry Cavill kneeling, facing forward",8667,7
954,"A full-body photo of Henry Cavill squatting, facing forward",8719,7
955,"A full-body photo of Henry Cavill leaning, facing forward",1523,7
956,"A full-body photo of Henry Cavill resting, facing forward",6353,7
957,"A full-body photo of Henry Cavill seated, facing forward",3093,7
958,"A full-body photo of Henry Cavill reclining, facing forward",2494,7
959,"A full-body photo of Henry Cavill posed upright, facing forward",6519,7
960,"A full-body photo of Henry Cavill crouching, facing forward",8722,7
961,"A full-body photo of Henry Cavill standing still, facing forward",8804,7
962,"A full-body photo of Henry Cavill sitting cross-legged, facing forward",4807,7
963,"A full-body photo of Henry Cavill lying flat, facing forward",6683,7
964,"A full-body photo of Henry Cavill half-seated, facing forward",6694,7
965,"A full-body photo of Henry Cavill in a relaxed posture, facing forward",3745,7
966,"A full-body photo of Henry Cavill in upright posture, facing forward",8112,7
967,"A full-body photo of Henry Cavill in resting position, facing forward",8018,7
968,"A full-body photo of Henry Cavill in crouched position, facing forward",7365,7
969,"A full-body photo of Henry Cavill sitting upright, facing forward",4441,7
970,"A full-body photo of Henry Cavill standing, facing forward",3916,7
971,"A full-body photo of Henry Cavill sitting, facing forward",6228,7
972,"A full-body photo of Henry Cavill lying down, facing forward",1559,7
973,"A full-body photo of Henry Cavill kneeling, facing forward",3328,7
974,"A full-body photo of Henry Cavill squatting, facing forward",3833,7
975,"A full-body photo of Henry Cavill leaning, facing forward",6996,7
976,"A full-body photo of Henry Cavill resting, facing forward",6182,7
977,"A full-body photo of Henry Cavill seated, facing forward",5519,7
978,"A full-body photo of Henry Cavill reclining, facing forward",8453,7
979,"A full-body photo of Henry Cavill posed upright, facing forward",8094,7
980,"A full-body photo of Henry Cavill crouching, facing forward",3379,7
981,"A full-body photo of Henry Cavill standing still, facing forward",8548,7
982,"A full-body photo of Henry Cavill sitting cross-legged, facing forward",1034,7
983,"A full-body photo of Henry Cavill lying flat, facing forward",2192,7
984,"A full-body photo of Henry Cavill half-seated, facing forward",4301,7
985,"A full-body photo of Henry Cavill in a relaxed posture, facing forward",7604,7
986,"A full-body photo of Henry Cavill in upright posture, facing forward",1290,7
987,"A full-body photo of Henry Cavill in resting position, facing forward",8464,7
988,"A full-body photo of Henry Cavill in crouched position, facing forward",2462,7
989,"A full-body photo of Henry Cavill sitting upright, facing forward",2187,7
990,"A full-body photo of Henry Cavill standing, facing forward",2278,7
991,"A full-body photo of Henry Cavill sitting, facing forward",5511,7
992,"A full-body photo of Henry Cavill lying down, facing forward",2829,7
993,"A full-body photo of Henry Cavill kneeling, facing forward",8616,7
994,"A full-body photo of Henry Cavill squatting, facing forward",8300,7
995,"A full-body photo of Henry Cavill in upright posture, facing forward",8098,7
996,"A full-body photo of Henry Cavill in resting position, facing forward",4857,7
997,"A full-body photo of Henry Cavill in crouched position, facing forward",4439,7
998,"A full-body photo of Henry Cavill sitting upright, facing forward",4019,7
999,"A full-body photo of Henry Cavill standing, facing forward",1208,7
